id,full_name,email,password,address,union_number,affiliation_branch,affiliation_date,specialization_id,years_of_experience,telephone,mobile_number
1,Ricky Shaffer,amaxwell@hotmail.com,!j8NEdnN$j,"088 Johnson Route Suite 650
Marcusville, UT 40364",UN-222,Latakia,2018-01-24,4,14,+963 11 2276 5389,+963 11 1385 6780
2,Jeffrey Vaughn,jenniferolsen@anderson-moses.info,E7mpMxF9_4,"3341 Glenn Turnpike
Fitzgeraldville, NJ 11708",UN-593,Homs,2021-07-07,3,10,+963 11 3985 4118,+963 11 8337 9159
3,Anna Evans,susan89@gmail.com,Ba^9CYnQth,"934 Taylor Cliff Apt. 029
South Lisa, AR 68130",UN-971,Homs,2018-05-22,3,6,+963 11 8271 8876,+963 11 7828 7417
4,Christopher Jackson,jsmith@garcia-woodward.com,@V8Oabdn^5,"9460 Gibson Stream
New Kelly, SC 64202",UN-271,Homs,2014-10-27,3,19,+963 11 1425 7113,+963 11 3780 7102
5,Benjamin Kim,ypowell@gmail.com,N566RGmu_0,"Unit 1350 Box 9741
DPO AP 91262",UN-696,Tartus,2015-07-28,2,4,+963 11 4430 8220,+963 11 7089 8330
6,Christine Rodriguez,kyle27@gmail.com,%4M!mB#q5i,"53294 Wilson Trace Apt. 431
Douglasbury, MT 00913",UN-780,Damascus,2024-09-20,1,24,+963 11 1088 6880,+963 11 3830 5324
7,Katie Benjamin,ndavis@copeland.net,+AkQAuWm4y,"Unit 1229 Box 3514
DPO AP 52657",UN-836,Latakia,2021-11-26,5,25,+963 11 1838 4163,+963 11 5424 7621
8,David Cohen,sarahtucker@yahoo.com,!d@0F4dtv^,"50914 Ochoa Circle
Port Nicole, GA 93513",UN-640,Damascus,2023-12-06,5,24,+963 11 3532 7967,+963 11 2005 5848
9,Laura Thomas,jessicajohnson@thompson.com,&52nJQ*se(,"21729 Allison Cliffs Apt. 876
Rodneyville, HI 86523",UN-319,Aleppo,2017-08-15,4,25,+963 11 2133 4977,+963 11 6162 8948
10,Darlene Gardner,nancymoreno@hotmail.com,+18Ats#p6_,"292 Dunn Mountain Apt. 235
Sanchezmouth, VA 54172",UN-393,Tartus,2016-05-24,4,23,+963 11 6748 7535,+963 11 9290 8253
11,Cristian Barr,grantlauren@gmail.com,$F9T$7Nh6!,"8254 Margaret Causeway Apt. 487
Crystalview, FL 19193",UN-408,Latakia,2023-01-26,3,22,+963 11 3557 2228,+963 11 6373 1621
12,Stephanie Case,scottamber@williams-martinez.info,r^B(!^cF$3,"9615 Natalie Glen
Julieland, FL 43916",UN-122,Homs,2016-12-30,3,5,+963 11 2314 2278,+963 11 4503 4647
13,Pamela Tapia,michelleyoung@yahoo.com,PQOFzuHy(6,"PSC 7818, Box 9802
APO AP 54248",UN-752,Damascus,2016-03-27,3,4,+963 11 7814 3676,+963 11 5493 3081
14,Andrea Schultz,melissa21@mack-daniels.com,3i%@YpGf&7,"71537 Courtney Falls
South Phillipport, SD 88184",UN-867,Damascus,2015-06-07,1,21,+963 11 1080 9204,+963 11 4324 5830
15,Tommy Davies,stephaniemacias@gmail.com,!^O5K(yzGn,"1348 Nielsen Manor Suite 690
Port Kristinefort, GA 36320",UN-213,Aleppo,2015-02-26,3,13,+963 11 4296 7973,+963 11 7367 3636
16,Andrea Ferguson,rebecca37@jenkins-perez.net,q@%%2Pkdc4,"870 Amanda Junction
Lake Amberburgh, MS 29021",UN-246,Tartus,2021-09-27,3,18,+963 11 9405 9888,+963 11 1032 2351
17,Alexander Mcdaniel,lindseyamy@lyons-padilla.com,9no7StTfY_,"050 Thompson Islands Suite 599
Karenborough, KY 93273",UN-849,Tartus,2016-10-27,2,9,+963 11 2203 3872,+963 11 6322 2041
18,Andrea Black,burtonjonathan@hotmail.com,11gNT9Bp_t,"PSC 2407, Box 5715
APO AA 86481",UN-880,Homs,2020-12-11,5,18,+963 11 4889 2222,+963 11 5733 1387
19,Robert Dorsey,joshuapatel@hotmail.com,LIK@fDiy$4,"15164 Victoria Prairie
North Michaelstad, NM 75218",UN-539,Tartus,2024-01-23,3,18,+963 11 5784 8989,+963 11 3103 7933
20,Rebecca Snyder,aaronjones@benson.com,M6cQ)Rv++m,"68459 Cory Mission
Brownhaven, HI 38389",UN-991,Aleppo,2017-07-15,2,1,+963 11 3310 4812,+963 11 7674 8368
21,Brenda Rhodes,zlindsey@yahoo.com,&J&iBy_vo2,"35146 Mills Ridge Apt. 811
Coopershire, MO 38006",UN-366,Latakia,2016-06-23,2,3,+963 11 3432 9655,+963 11 3931 4679
22,Mckenzie Good,khernandez@gmail.com,_0BdOmnpCC,"861 Katie Pines
North Tracy, CO 30277",UN-905,Latakia,2018-05-19,2,25,+963 11 6962 5641,+963 11 2430 2839
23,Teresa Simmons,ryandustin@anderson-parker.biz,+Cz^44LjEK,"154 Rebekah Branch Apt. 029
Lake Jacqueline, UT 43421",UN-156,Homs,2023-03-23,1,16,+963 11 6759 7217,+963 11 1974 8935
24,Cynthia Ramirez,joshua63@cummings.org,#gRW#JCIh3,"7210 Carpenter Summit Apt. 929
Kevinville, IN 22098",UN-833,Homs,2019-08-22,3,16,+963 11 9000 4789,+963 11 9632 6348
25,Erika Brock,jennifermoran@tucker-jefferson.org,mfo6UXtm$k,"58928 Stevenson Track
Anthonyfurt, RI 90612",UN-929,Tartus,2018-11-07,4,12,+963 11 2794 7331,+963 11 3655 9715
26,Joshua Lucero,ethomas@hotmail.com,cr0N!Bk7#!,"634 Angela Meadows
Marymouth, TN 10210",UN-656,Homs,2018-11-12,2,4,+963 11 2659 6318,+963 11 8566 6730
27,April Vasquez,john20@hotmail.com,2(N1Q4eO(x,"Unit 4006 Box 5859
DPO AE 34036",UN-125,Damascus,2014-12-19,4,17,+963 11 2706 7462,+963 11 7843 2837
28,Thomas Gates,vjones@yahoo.com,7X)3FbFuVq,"7039 Jennifer Cliffs Suite 406
Amberland, LA 98880",UN-189,Damascus,2017-12-28,3,8,+963 11 5120 7504,+963 11 3885 4293
29,Timothy Nicholson,belinda88@diaz.com,%0QqVbujcT,"1915 Keller Rapids Apt. 631
Davidmouth, UT 53397",UN-309,Tartus,2017-05-18,4,5,+963 11 2243 3860,+963 11 2304 2911
30,Jason Foster,smunoz@shaw.info,#4H#KqAc%5,"20973 Daniel Hills
West Sarah, NE 28522",UN-984,Tartus,2014-11-04,3,24,+963 11 7215 3806,+963 11 7809 3959
31,Tanya Rodriguez,umcgrath@bullock.org,j&SXhZ*N_3,"USNV Cox
FPO AP 17689",UN-542,Tartus,2015-03-07,4,12,+963 11 9832 9863,+963 11 9567 8867
32,Laura Johnson,edward34@lyons.com,S*3CSR3mNd,"888 Glenn Trace Apt. 930
North Karen, KY 86087",UN-978,Homs,2016-03-30,1,20,+963 11 4518 1134,+963 11 3561 9245
33,Anthony Norman,nelsonbrandon@hunter-perez.com,X8v^0iNkTX,"96492 Taylor Ports
Justinmouth, NH 82770",UN-833,Tartus,2017-03-26,4,2,+963 11 8261 4379,+963 11 3273 5312
34,Shelby Cruz,martinchristian@warren.com,Aqx4#4LmS1,"56553 Hess Points Suite 868
Omarhaven, IA 33917",UN-181,Damascus,2018-01-26,3,24,+963 11 9785 4805,+963 11 3961 2938
35,Matthew Fitzgerald,dgardner@gmail.com,t)I5QbFm7I,"55123 Theresa Views Suite 421
Leahshire, HI 30322",UN-585,Latakia,2015-08-14,2,17,+963 11 3613 6515,+963 11 4897 1698
36,Kristen Lopez,smithlori@hamilton.com,vh5mFw&t$X,"513 Daniel Route
Roseberg, NJ 30915",UN-763,Latakia,2020-02-22,1,17,+963 11 8903 5139,+963 11 7671 7620
37,Luke Cobb,chodge@sanders.com,#1iZ3aUi#Z,"107 Kyle Manors
East Raymondstad, WV 76187",UN-744,Tartus,2015-12-17,2,10,+963 11 8063 6578,+963 11 2912 8930
38,Katherine Reid,lisa98@yahoo.com,ci9Mv#cz%g,"448 Shannon Mews Suite 895
Simmonsberg, SD 49657",UN-748,Latakia,2018-06-22,5,11,+963 11 4907 2972,+963 11 1220 8776
39,Adam Roberts,susansmith@gmail.com,Z!18KaG40w,"0455 Williams Mall
Port Timothy, MI 54689",UN-593,Latakia,2015-12-21,3,4,+963 11 8334 2036,+963 11 9545 8788
40,Frederick Mccann,wellsdominic@hotmail.com,^CvBVTlA83,"34805 Morgan Port Suite 751
Bradleystad, IN 69674",UN-859,Tartus,2022-04-16,3,9,+963 11 4578 8349,+963 11 3039 9861
41,Wesley Jordan,frichards@krause.org,*@Y0W^ao43,"1016 Ana Loaf
South Nathanielland, TN 83147",UN-554,Damascus,2018-11-08,4,21,+963 11 3160 7023,+963 11 2259 9500
42,Kevin Cooley,kennethschmidt@yahoo.com,age$07SkTQ,"60392 Heather Mills Suite 371
Antonioberg, AK 90759",UN-460,Damascus,2017-04-10,5,22,+963 11 6652 5364,+963 11 6523 6792
43,Cameron Russell,dmcmillan@lewis-marshall.net,l1Hng05Z#O,"3250 Lisa Trail
South Christopher, MO 43262",UN-274,Tartus,2020-10-16,3,5,+963 11 5086 4753,+963 11 4781 9141
44,Curtis Walker,robertbrewer@hammond-weaver.net,%sLy)6Eg61,"0624 Bryan Shoals Apt. 453
Lake Ryanshire, MA 86303",UN-582,Aleppo,2020-06-10,1,13,+963 11 7240 8428,+963 11 6189 7501
45,Kaitlin Christian,brittney76@gmail.com,$+0)pOxE$t,"80173 Barnes Dam Apt. 763
Ellenside, DC 91391",UN-689,Aleppo,2015-10-12,1,15,+963 11 4175 4848,+963 11 9215 2927
46,Robert Ramirez,jasoncurry@austin-wilson.com,H+_2D%)h*),"42115 Jody Freeway Apt. 079
Theresafort, MA 48977",UN-243,Damascus,2022-09-29,4,7,+963 11 7222 8024,+963 11 9119 2155
47,Jimmy Guzman,tara94@hotmail.com,_5BRsGinuI,"7514 Daniel Lodge
Smithstad, IA 36591",UN-110,Homs,2019-12-31,1,14,+963 11 1740 9033,+963 11 2220 4701
48,Shane Johnson,floresjenna@castillo.com,_i@4Y9wS8m,"3660 Morris Mission
Kimberlyton, DE 49565",UN-294,Latakia,2016-06-18,2,16,+963 11 3888 4543,+963 11 2085 1561
49,James Williams,thompsonjasmine@reed.net,VC3(VBQu$l,"571 James Glens Apt. 443
Braunberg, ID 05401",UN-963,Damascus,2015-06-04,2,16,+963 11 3491 1334,+963 11 7900 2046
50,Zachary Beard,karen95@gmail.com,!Mfr44Tl#z,"714 Edwards Walks Apt. 665
Thorntonton, NC 74632",UN-749,Damascus,2018-04-16,2,17,+963 11 5710 6780,+963 11 2586 7979
51,John Morgan,salinastyler@cooper.biz,r4iX2wp__e,"82917 Evans Passage Apt. 206
Jasonhaven, MS 19122",UN-237,Latakia,2015-12-06,3,1,+963 11 6448 6800,+963 11 8788 1551
52,Samuel Mcdonald,davidcohen@hotmail.com,2@Nh_WJt)Q,"03944 Logan Forest Suite 567
Miguelland, KY 97593",UN-790,Latakia,2018-02-14,4,3,+963 11 8136 1629,+963 11 8766 4971
53,Mr. Jose Bryant,thorntonjoshua@davis.com,9yOl(Wv5!k,"2565 Kevin Valley
Scottfort, IA 60012",UN-430,Homs,2023-07-16,3,22,+963 11 7436 1301,+963 11 6605 7214
54,Michael Thompson,katelynchavez@miller-aguilar.com,%36e#ThEw^,"813 Clark Trail
Scotthaven, CO 26195",UN-429,Homs,2018-08-06,2,5,+963 11 3952 2620,+963 11 9034 5461
55,Susan Perkins,warrenmichael@yahoo.com,!UPsfwu585,"932 Lewis Summit
North Hannah, AZ 81432",UN-223,Tartus,2016-07-08,2,17,+963 11 7732 4215,+963 11 3207 3254
56,Danielle Hart MD,hleblanc@walker.com,!YK91P0k#n,"0247 Turner Ferry Suite 761
Fullershire, CT 57455",UN-325,Latakia,2020-07-30,5,4,+963 11 8336 8728,+963 11 9013 2070
57,Matthew Marshall,pherman@gmail.com,X^H9M&mg)),"916 Kaitlyn Canyon Suite 235
Nolanfurt, AK 61377",UN-684,Damascus,2021-12-27,2,23,+963 11 1350 6259,+963 11 1605 7241
58,Jasmine Pearson,mayssabrina@powers.org,#*3Tb*w$2d,"67402 Daniel Squares
Jessicamouth, MI 89959",UN-858,Tartus,2015-01-20,4,20,+963 11 4929 4568,+963 11 8877 4754
59,Eduardo Bird,hhawkins@gonzalez-collins.com,@W2cAm&jd#,"38853 Sharon Crest
Anthonyside, TN 54912",UN-108,Homs,2018-01-03,3,25,+963 11 6460 6293,+963 11 3351 7356
60,Lauren King,andrea14@valdez.biz,H)w9MaRi#0,"06543 William Terrace
Butlertown, SC 26310",UN-950,Homs,2020-04-03,4,23,+963 11 1466 8564,+963 11 4164 4474
61,Tracy Clark,woodsjennifer@yahoo.com,6tT!1VyxhZ,"PSC 9470, Box 3092
APO AP 33420",UN-889,Damascus,2016-02-06,3,10,+963 11 7003 5202,+963 11 9304 5265
62,Jessica Rodriguez,gentryalicia@hotmail.com,J5XOxABF%),"016 Lewis Trail
Vickieton, RI 11049",UN-623,Homs,2017-10-27,4,2,+963 11 1672 8989,+963 11 3014 8376
63,Raymond Perry,taylorchristine@gmail.com,Qg+O3PAv0!,"0766 Cortez Via
Donaldland, KY 52113",UN-352,Latakia,2019-04-20,4,12,+963 11 3042 9620,+963 11 8382 7713
64,Tiffany Wallace,gary02@edwards.com,&2pFBhZ!M6,"PSC 3254, Box 4061
APO AA 92663",UN-325,Damascus,2022-10-19,5,25,+963 11 1504 9846,+963 11 9781 4884
65,Jeffrey Mitchell,ellislaura@ingram.com,%wAzAJhb2S,"45461 Owens Rapid
Port Juliehaven, KY 32527",UN-877,Latakia,2022-06-19,5,5,+963 11 1209 4306,+963 11 1037 5572
66,Kristy Berry,brandon49@yahoo.com,@5!*Em*v^n,"85128 Rivas Tunnel Suite 097
Molinachester, GA 40818",UN-997,Homs,2023-01-02,5,21,+963 11 1098 9292,+963 11 9843 2826
67,Kenneth Burke,usmith@madden.net,k1*6)Ga6)J,"199 Jessica Forest Suite 086
West Donaldville, AZ 12401",UN-909,Homs,2022-06-07,3,5,+963 11 4157 4770,+963 11 3632 1595
68,Laura Johnson,kjones@yahoo.com,s7V)BcqX%9,"2127 Carl Shoal Apt. 283
West Garyview, WV 64774",UN-371,Damascus,2023-10-01,2,14,+963 11 5891 5353,+963 11 9983 3575
69,Joseph Gentry,butlerbilly@myers.com,02d)TYab&%,"839 Santos Island Suite 588
Danielleshire, CA 78406",UN-581,Aleppo,2020-07-22,1,20,+963 11 2392 7173,+963 11 9790 2135
70,Louis Reyes,simsjeffrey@brown.com,WD!5dLbZ(K,"772 Victor Islands
North Ryanchester, AK 65743",UN-814,Latakia,2016-08-22,3,6,+963 11 5744 8857,+963 11 4363 8309
71,Daniel Bradley,melissacook@hotmail.com,h1NCYZSb)3,"168 Arthur Highway Suite 807
Sextonton, KY 70837",UN-528,Tartus,2017-09-28,1,9,+963 11 5106 2436,+963 11 2349 2083
72,John Garcia,petersjessica@gmail.com,#7iXAjwkk@,"PSC 7940, Box 5670
APO AA 03175",UN-463,Damascus,2021-07-08,1,2,+963 11 5524 9002,+963 11 4198 7592
73,Virginia Norton,tracy61@hotmail.com,!#0NAYoqZ7,"339 Holmes Island Suite 282
Donnahaven, MS 45057",UN-177,Latakia,2018-09-09,2,18,+963 11 8727 9805,+963 11 5435 4744
74,Stephanie Richardson,maddenhunter@flores.com,@i9NaLzxui,"619 Wright Corner
Russelltown, CO 80052",UN-251,Aleppo,2023-01-04,5,4,+963 11 1468 6329,+963 11 8448 8900
75,David Morales,hflores@hotmail.com,u_mJ8d6cwX,"093 Patrick Village
West Kevin, OK 82959",UN-490,Tartus,2017-09-19,3,16,+963 11 1556 2332,+963 11 3639 8093
76,Robert Alvarado,wellis@randall.org,14Qi^+Tf$(,"048 David Bridge
Lake Richard, SD 03195",UN-646,Homs,2021-03-29,5,4,+963 11 3069 1860,+963 11 8422 9381
77,Brian Henderson,hendersonmatthew@alvarez.biz,3!S2D8Pv%v,"92686 Gibbs Keys
Hintonmouth, TX 64965",UN-982,Homs,2021-04-22,3,10,+963 11 9890 6336,+963 11 3603 7888
78,Shelby Day,isims@hotmail.com,_3xPHmu3Y_,"367 Bradley Creek
South Rachelland, WY 98333",UN-760,Homs,2017-06-08,1,13,+963 11 3305 4054,+963 11 7637 6735
79,Michael Morales,mjones@yahoo.com,)5Q#p)s1l5,"770 Todd Tunnel Suite 214
West Danielle, OK 62474",UN-584,Aleppo,2018-05-13,5,5,+963 11 3692 9259,+963 11 2980 7933
80,Gary Zimmerman,adrianashah@yahoo.com,!3ZBzIhINb,"440 Anthony Shoal
New Leah, VT 63420",UN-553,Damascus,2014-11-17,3,10,+963 11 7294 8356,+963 11 2546 8061
81,Michael Morrison,carolynwall@hotmail.com,$ftLpryl7c,"116 Page Road
New Emily, MD 49543",UN-435,Tartus,2016-08-06,1,22,+963 11 3474 7807,+963 11 9230 4012
82,Jeffery Carter,timothybradley@terry-garza.biz,(v8Otya5&5,"87436 Sean Plaza Suite 921
South Krista, AK 14840",UN-650,Aleppo,2018-01-05,1,9,+963 11 8342 2040,+963 11 6761 7676
83,Elizabeth Brewer,randallwhite@yahoo.com,4Tfh6CfA&J,"9196 Ronald Brook
East Nathan, NC 61077",UN-664,Damascus,2017-07-31,4,15,+963 11 3553 1028,+963 11 6592 9011
84,Benjamin Pace,danielle94@yahoo.com,P2_UBuTg#^,"8446 Watson Common Suite 480
Port Bonnie, NV 20153",UN-202,Tartus,2023-08-26,2,3,+963 11 8747 7845,+963 11 5005 8455
85,Hailey Johnson,zramirez@hotmail.com,G$P4Ct_zro,"5010 Michael Trace Apt. 503
Harrisbury, UT 62864",UN-597,Latakia,2016-04-08,2,12,+963 11 9018 3330,+963 11 9279 6309
86,Christopher Perry,evansjustin@summers-dunlap.info,+!IqZg544E,"PSC 3181, Box 6861
APO AE 88892",UN-966,Aleppo,2017-02-18,4,5,+963 11 8530 1735,+963 11 7958 2870
87,Luis Armstrong,vshah@hughes.com,)0zhK0)s&Q,"99605 Merritt Square
North Kara, IA 22226",UN-117,Aleppo,2024-05-15,3,6,+963 11 9266 1001,+963 11 1610 8366
88,Kristin Jackson,robertsjohn@gmail.com,+2yQYWQO6e,"018 Jessica Viaduct
Gregoryfort, WI 78082",UN-621,Homs,2023-09-15,2,23,+963 11 8467 8516,+963 11 7672 8014
89,Matthew Rice,omurray@gmail.com,$2UI+cbtA%,"759 Christine Coves
Gomezborough, SD 70300",UN-969,Aleppo,2024-06-28,4,12,+963 11 4483 9480,+963 11 3262 7624
90,William Paul,brianallen@hotmail.com,$IJeuxuI*5,"189 Dean Freeway
Susanberg, KY 84901",UN-248,Latakia,2016-02-28,1,6,+963 11 1020 4495,+963 11 6588 3994
91,Benjamin Brooks,bishopamy@hotmail.com,JGgLjex4)0,"8849 Diaz Points Suite 763
Gutierrezmouth, AZ 92042",UN-903,Latakia,2019-06-25,4,8,+963 11 6379 2268,+963 11 1436 5110
92,Nicholas Nelson,annboyle@yahoo.com,kJ^Yx3kX&2,"8615 Roberson Trafficway Suite 183
Stewartmouth, NC 30736",UN-295,Homs,2019-01-05,4,22,+963 11 3634 2177,+963 11 7359 9058
93,Ashley Perez,gouldjamie@gardner.com,ka1CCtE#Q%,"17806 Gloria Heights
West Derrickville, WA 49655",UN-936,Latakia,2020-04-12,4,15,+963 11 3020 7314,+963 11 9646 9538
94,Benjamin Foley,luis23@gentry-allen.com,M^de2W6hDs,"9760 Faith Mountains
Port Brianland, IA 00746",UN-725,Tartus,2016-11-29,1,2,+963 11 1883 8567,+963 11 8175 4119
95,Melissa Brown,ewatson@gmail.com,(5YIjGcDZJ,"251 Sanders Spring Apt. 860
New Mary, VA 48544",UN-391,Aleppo,2023-03-29,1,18,+963 11 8879 9833,+963 11 6255 8101
96,Marc Powers,robertgreene@yahoo.com,T14#Q8aic%,"354 Thompson Burgs
New Ariel, OR 88016",UN-776,Aleppo,2016-01-12,1,1,+963 11 4725 2965,+963 11 6360 8963
97,John Hale,prestonjoseph@hotmail.com,taK3ZJsd$_,"89946 Collins Locks Suite 881
West Matthew, AL 99345",UN-445,Tartus,2015-11-30,2,21,+963 11 6733 7584,+963 11 1400 8717
98,Richard Jones,valeriemaldonado@reyes.org,O(8OmDjlZf,"69241 Beverly Ridges
Danielside, SC 23115",UN-964,Aleppo,2019-12-30,1,17,+963 11 8816 2567,+963 11 2693 3746
99,David Carroll,emily54@yahoo.com,Y7Vsq^zo_%,"PSC 9749, Box 3491
APO AE 90360",UN-424,Latakia,2018-11-28,5,21,+963 11 7819 9245,+963 11 6217 5053
100,Jessica Michael,robert70@martinez.org,JZ232Zkf$+,"96830 Mack Ranch Suite 242
West Joshua, RI 41305",UN-706,Aleppo,2015-09-28,3,1,+963 11 8381 7438,+963 11 7661 4743
101,Mr. Matthew Levine,thomasroberts@jenkins.com,W(3G!kUyNG,"40061 Austin Expressway
South Christopher, VA 16529",UN-899,Homs,2022-10-08,3,14,+963 11 1046 5696,+963 11 6051 7355
102,Terry Holt,bgonzalez@doyle-williams.com,GL4KEuyx%6,"98739 Contreras Manors Apt. 025
Chenton, NV 86670",UN-642,Tartus,2019-07-13,3,22,+963 11 9621 9628,+963 11 8488 5419
103,Taylor Gibson,chaneymichael@rogers.com,h_6Ytyp!kR,"2831 Sawyer Expressway
East Javier, CT 98838",UN-189,Latakia,2019-04-30,2,8,+963 11 5532 2855,+963 11 1613 2757
104,Michael Rogers,jerrywagner@hotmail.com,g!w8vZPvuO,"58695 Ramos Mountains
South Brandimouth, WI 66972",UN-124,Aleppo,2015-10-20,1,2,+963 11 8208 4485,+963 11 7068 3412
105,George Olson,grahamnancy@yahoo.com,+4Gl@$UgYS,"7088 Spencer Ports
North Laura, AK 42922",UN-406,Homs,2018-06-19,3,6,+963 11 6795 6038,+963 11 8980 8473
106,Stephanie Gonzalez,stephaniemiller@morgan.com,!x7p7iOw2F,"11437 Johnson Fork Apt. 496
New Sharonmouth, CA 33966",UN-270,Aleppo,2019-09-30,1,14,+963 11 3830 1593,+963 11 8802 8360
107,Matthew Bartlett,mmitchell@robertson.com,m@H49Sy658,"29969 Graham Island Apt. 615
Burtonfort, MO 64018",UN-943,Aleppo,2023-02-21,5,16,+963 11 8568 3520,+963 11 5873 8695
108,Brian Nash,sanchezlance@yahoo.com,q09Mpcskd%,"661 Alexandra Walk Apt. 889
Lauraside, HI 07303",UN-755,Tartus,2020-02-28,5,15,+963 11 1694 7973,+963 11 6097 5330
109,Andrew Welch,crystaljones@campbell.com,&9NQBSa$Ys,"Unit 2251 Box 8203
DPO AP 81852",UN-669,Homs,2024-02-13,1,19,+963 11 9174 5275,+963 11 1222 5889
110,Jennifer Lopez,angel93@medina-avila.info,^7WFVzhLSk,"66289 Ramirez Island
Butlerberg, KS 18806",UN-921,Aleppo,2021-01-20,3,24,+963 11 1701 6446,+963 11 1489 5770
111,Jason Taylor,jamessean@hotmail.com,$U72ET3mUO,"096 Yang Forge Apt. 486
West Samantha, AR 44248",UN-796,Damascus,2024-05-03,4,13,+963 11 8306 3066,+963 11 8612 8028
112,Robert Neal,laurieherrera@robinson-jordan.com,^QY1Dp*dnE,"26576 Michael Stream
Port Colleenstad, IA 04918",UN-650,Aleppo,2019-09-06,5,4,+963 11 3292 5033,+963 11 1340 5545
113,Rebecca Jennings,kevinmoran@hotmail.com,*^w4nelo4P,"21668 Kerry Haven
Ericberg, LA 07740",UN-162,Homs,2021-10-22,5,2,+963 11 2723 8491,+963 11 4982 2562
114,James Smith,danielreese@richardson-robinson.biz,c$(46%1nUJ,"47128 Bruce Wells
New Kevinton, MI 43998",UN-699,Tartus,2022-12-11,1,19,+963 11 2602 2672,+963 11 1151 5895
115,William Vance,rwhite@gmail.com,&ZQzK48g&1,"299 Castro Court
Port Oscar, MN 84272",UN-491,Latakia,2015-01-04,5,2,+963 11 3491 7287,+963 11 4454 6582
116,Jesse Cain,jenniferanderson@hotmail.com,)3%0rVLvL8,"7056 Matthew Curve
Caitlynfort, AL 43977",UN-258,Damascus,2014-11-19,5,20,+963 11 3022 8781,+963 11 5753 5989
117,Gregg Dougherty,kschwartz@yahoo.com,EXflf4Qpv$,"7320 Roy Springs Suite 213
West Daniel, MN 50526",UN-459,Aleppo,2020-08-13,5,16,+963 11 6509 7309,+963 11 2455 9523
118,Theresa Hood,kylemartin@daniels-berry.info,Y@2$tUB@pd,"256 Dawn Locks
Andersonshire, ND 22561",UN-223,Latakia,2024-06-03,2,22,+963 11 6824 1177,+963 11 8838 9634
119,John Smith,beckbrooke@yahoo.com,e6zIwggK+c,"797 Turner Fort Suite 620
East Sharonmouth, MI 62618",UN-768,Homs,2022-05-31,3,6,+963 11 6318 2251,+963 11 6906 4136
120,Peter Dickerson,tuckerchristine@rodriguez.com,N(Ec6kStL@,"552 Reese Fords
Port Mike, MD 86658",UN-353,Damascus,2020-01-13,1,21,+963 11 3969 4634,+963 11 8156 6775
121,John Padilla,jodi82@gmail.com,^jI6Qs$xh9,"815 Adams Valley Suite 621
Fieldsfort, UT 79840",UN-194,Latakia,2021-08-28,5,11,+963 11 5869 5775,+963 11 7068 6102
122,Heather Keller,brian00@yahoo.com,z9&*93Lb1$,"34028 Robert Views Suite 083
Robinfurt, MO 03265",UN-691,Latakia,2018-09-01,2,2,+963 11 3965 2855,+963 11 8555 4421
123,Jasmine Rivers,snownicole@burton.org,%s0@nI2y9P,"7779 Susan Wall
Wheelertown, MA 55021",UN-372,Latakia,2022-09-04,1,10,+963 11 3864 4509,+963 11 6177 6974
124,Ashley Zuniga,halljohn@gmail.com,D*Ex#8JbsJ,"9854 Baker Radial
North Jillian, TX 39797",UN-984,Tartus,2018-11-07,2,13,+963 11 5125 9270,+963 11 2759 9331
125,Rebekah Fischer,patriciasims@santos-johnson.com,pLRv1MLF#4,"5747 Maldonado Point
North Joeburgh, MA 14314",UN-222,Aleppo,2020-12-11,2,10,+963 11 8620 9254,+963 11 2990 7701
126,Donna Schaefer,kjohnson@reeves.biz,3rLGPzR_$N,"676 Robertson Falls
Jasontown, AL 17782",UN-619,Damascus,2023-12-02,2,10,+963 11 3974 6406,+963 11 3124 7628
127,Christopher Caldwell,amandadavis@yahoo.com,@+QKX+MTp6,"250 Daniel Street Suite 489
North Matthewhaven, MD 43612",UN-541,Latakia,2015-11-22,2,20,+963 11 3804 5567,+963 11 9411 6743
128,Brenda Cross,williamsclaudia@bonilla.com,b3R0gWMl_5,"52969 Carol Meadows
Madisonshire, IA 17883",UN-786,Aleppo,2015-12-09,5,6,+963 11 2300 8329,+963 11 9766 2707
129,Joseph Lewis,corydavis@gmail.com,9&$+14PjQq,"8137 Jeremy Harbor
East Douglasshire, CA 16506",UN-544,Tartus,2019-10-15,2,3,+963 11 6320 4778,+963 11 1635 1837
130,Douglas Morrison,matthewmorgan@tucker.com,J1yWRdzQ&P,"0825 Burke Trail Suite 587
Robertborough, MO 09705",UN-363,Damascus,2020-08-30,2,14,+963 11 7930 9377,+963 11 3252 5303
131,Matthew Thomas,samantha39@yahoo.com,+BPng1sz8Q,"932 Joseph Mills Apt. 709
Tonyberg, CA 98943",UN-113,Homs,2015-11-17,2,2,+963 11 5177 4059,+963 11 9658 9238
132,Darren Nguyen,samuel14@brady-turner.com,$KB_cmsQ5y,"4221 Andrea Hills Suite 792
Lake Jason, DC 37921",UN-473,Damascus,2024-06-04,3,13,+963 11 4509 2899,+963 11 1970 2162
133,Daniel Johnson,bartonveronica@gmail.com,yg%4kZoI9B,"66683 Craig Valley
North Melindamouth, VT 63545",UN-657,Homs,2016-12-12,2,11,+963 11 4029 2953,+963 11 3618 6198
134,Diane Peters,leedonna@garcia-wise.biz,0*^FzO3w^6,"158 James Haven Apt. 590
Sparksview, MI 91424",UN-189,Aleppo,2021-06-18,3,19,+963 11 5499 7562,+963 11 6572 1086
135,Nancy Bowers,elijah64@young.com,o^u7EWmMx1,"96222 Yolanda Crossroad Apt. 475
Garyhaven, AR 79670",UN-466,Damascus,2022-05-24,3,16,+963 11 8694 4985,+963 11 4404 3814
136,Evan Carr,fblack@green.biz,$n49*L4c(J,"511 Sheila Gardens
Rayborough, CA 97848",UN-596,Aleppo,2016-08-16,3,15,+963 11 6504 2575,+963 11 8529 3091
137,Jeanette Martin,toddmerritt@mckee.org,h@h3znJpJI,"701 Phillips Bypass Suite 866
Port Stevenshire, TX 99405",UN-918,Tartus,2018-10-07,4,6,+963 11 1872 1505,+963 11 4895 1758
138,Kyle Smith,tiffanylynch@smith-lyons.com,(8XP+x(oN!,"9260 Charles Flat Suite 065
Ronaldmouth, CT 50480",UN-127,Tartus,2022-02-06,2,3,+963 11 7682 6180,+963 11 4965 6738
139,Mr. Joseph Hopkins,qrodriguez@yahoo.com,0VRD9X8u8*,"USNS Martin
FPO AP 96486",UN-459,Homs,2024-10-03,1,9,+963 11 3158 9848,+963 11 2242 7166
140,Joseph Haynes,mark88@harris.com,+#3Nv7yv@O,"88582 Amy Mews
Raymondchester, HI 87163",UN-420,Tartus,2017-04-30,5,22,+963 11 8803 4712,+963 11 3494 7725
141,John Allen,hwalters@yahoo.com,7ev3oEpI+Q,"818 Debra Dale
New Sally, AR 87832",UN-150,Latakia,2015-04-08,4,17,+963 11 6167 6682,+963 11 6902 6668
142,Richard Hall,pfleming@ewing.com,a*c4MRs!dY,"953 Julian Point Apt. 278
Mirandaport, TX 03162",UN-543,Damascus,2014-11-27,1,10,+963 11 9637 2013,+963 11 8060 8673
143,Jeffrey Martin,michellemontgomery@gmail.com,jl5IxF5p%+,"60651 Marie Viaduct
Port Lisa, TN 62677",UN-336,Tartus,2019-05-05,2,9,+963 11 3929 2765,+963 11 2819 9730
144,Patrick Wright,fscott@weber-davis.net,0dkOc#kO^1,"671 Lee Burgs Suite 076
Lindaside, WY 68931",UN-806,Damascus,2022-09-20,3,12,+963 11 2317 3193,+963 11 8478 3853
145,Jocelyn Pham,craigsolis@hotmail.com,EZ6ZwNino$,"78152 Rhonda Cliffs Suite 346
South Maria, WY 53907",UN-686,Damascus,2020-09-24,1,8,+963 11 8418 3276,+963 11 8489 8117
146,Jonathan Maddox,cindybell@hotmail.com,g(06F2AO!a,"29364 Collins Throughway Apt. 819
Lisatown, NC 92920",UN-386,Aleppo,2019-03-30,2,4,+963 11 2001 2503,+963 11 2937 7986
147,Deborah Aguilar,frederickdavis@wood-george.net,!V0AMZqb$s,"80756 Flores Shores Apt. 748
Gomezhaven, KS 03854",UN-311,Damascus,2015-08-20,3,18,+963 11 6979 2339,+963 11 1165 2064
148,Samantha Hall,sharon13@mack.org,3H10YG6c%&,"908 Tyler Harbors
Thomasside, MO 84422",UN-734,Homs,2015-05-12,5,5,+963 11 9918 6640,+963 11 7229 2662
149,Jose Gutierrez,angelamoore@gmail.com,(YE_rzqTw4,"3515 Burton Track Suite 530
Lake Alexander, KS 52389",UN-335,Latakia,2023-01-21,3,8,+963 11 3633 3770,+963 11 7532 1956
150,Kimberly Clark,ykoch@adams.org,l&4UOrJL+_,"8153 Edgar Place
West Heatherside, TX 57026",UN-787,Homs,2023-01-28,4,11,+963 11 4857 3141,+963 11 7046 5565
151,Anne Ramirez,steven44@gmail.com,b$5f^PRLeg,"265 Ethan Views
Lake Joshuatown, ND 87769",UN-835,Damascus,2017-11-08,5,24,+963 11 3326 8773,+963 11 3110 6377
152,Richard Waters,chendaniel@bernard.com,@6PdSPGvqz,"132 Erin Bypass
Brownview, OH 49092",UN-278,Aleppo,2016-09-07,4,16,+963 11 7590 7494,+963 11 9937 7350
153,Amanda Rogers,cody50@yahoo.com,j)Q0C&zsFs,"4618 Simpson Tunnel Suite 761
Richardsonfort, PA 67535",UN-970,Damascus,2020-12-14,5,17,+963 11 1652 8054,+963 11 2587 8100
154,Steven Clayton,timothycook@yahoo.com,32xDfx2@(2,"025 Brennan Trail
Kirkberg, MN 74474",UN-602,Tartus,2023-05-01,3,1,+963 11 9973 1763,+963 11 1397 7400
155,Kendra Kerr,hinesjessica@acosta.org,wF8(Wwu$@d,"357 Suzanne Row
Port Gregoryland, IA 28127",UN-650,Aleppo,2015-01-17,4,25,+963 11 8146 7587,+963 11 6125 1840
156,Jessica Franklin,lee17@bailey-norris.net,$5Qy^53b^Q,"PSC 2467, Box 9896
APO AA 10326",UN-831,Damascus,2021-01-01,1,23,+963 11 7199 3135,+963 11 7929 9717
157,Justin Chavez,christy44@johnson-lewis.com,^P2wE2Rc2Q,"961 Jennifer Ranch Suite 061
Lake Jeremychester, IL 09326",UN-164,Aleppo,2023-01-06,1,8,+963 11 1638 2003,+963 11 6566 4901
158,Ernest Brown,wilcoxjohn@case-robertson.info,@h2$OabqGD,"710 Kelly Loop Suite 924
Ewingland, AK 76771",UN-948,Damascus,2020-06-10,3,16,+963 11 4465 3030,+963 11 3905 8677
159,Carolyn Bryant,joshua74@hotmail.com,*^4ZrAknEp,"78255 Montoya Unions
Whiteshire, OR 26167",UN-430,Latakia,2014-11-26,1,25,+963 11 9243 5413,+963 11 8060 2154
160,Jennifer Simmons,lopezlisa@williams.com,+&yd1XPuZ8,"1120 Erik Center Suite 809
East Michael, WI 55121",UN-933,Tartus,2018-08-04,1,2,+963 11 4670 8681,+963 11 4856 9888
161,Jo Green,suzanne33@yahoo.com,oL2vmTq2&!,"43799 Mercado Isle
Nealborough, LA 40908",UN-573,Aleppo,2022-11-01,2,9,+963 11 1278 6543,+963 11 2991 8716
162,Ronnie Flores,valdezlisa@gmail.com,A16Qnt_w&f,"USS Boyd
FPO AA 70526",UN-891,Homs,2018-01-03,5,24,+963 11 1791 8695,+963 11 5817 3193
163,Amanda Wu,asimmons@yahoo.com,^L6U5dm$M),"73454 Melvin Tunnel Apt. 667
New Ericamouth, CO 19108",UN-588,Tartus,2022-10-16,4,4,+963 11 3704 3365,+963 11 9185 1601
164,Julie Livingston,marypratt@taylor.com,v!J8hEOs43,"USCGC Graham
FPO AP 49339",UN-859,Aleppo,2017-07-20,5,24,+963 11 8316 2373,+963 11 6961 2173
165,Melissa Williams,christopher20@gmail.com,6voiD4Q!I*,"1843 Sanders Lakes
Carlburgh, IN 13747",UN-522,Tartus,2018-01-24,5,16,+963 11 9551 2556,+963 11 5172 6826
166,Charles Gonzalez,madison40@hotmail.com,*ofhJfuI6j,"0990 Adkins Common
New Brianberg, AL 40374",UN-771,Tartus,2020-03-16,5,8,+963 11 7160 7062,+963 11 4320 7881
167,Dana Moore,davilacheyenne@gmail.com,5xNI7m_Q+u,"PSC 2527, Box 4865
APO AA 06740",UN-448,Damascus,2015-11-29,5,2,+963 11 4519 2000,+963 11 5577 8645
168,Pam Gregory,hilltiffany@lamb.com,)W%5TljdDe,"4910 Simpson Glen Suite 054
New April, NJ 72028",UN-933,Latakia,2023-07-29,2,25,+963 11 5383 1936,+963 11 7135 3109
169,Robin Manning,donnaflores@yahoo.com,*46Sk^)o*0,"25676 Castillo Rue
Sanderston, CT 24054",UN-689,Damascus,2015-01-14,2,11,+963 11 4358 4692,+963 11 4418 7619
170,Paul Compton,grahamjacqueline@yahoo.com,di0Sf@+s!_,"Unit 6628 Box 6745
DPO AP 15421",UN-708,Aleppo,2022-01-18,2,11,+963 11 1242 1231,+963 11 8537 9586
171,Miranda Edwards,jonesdavid@gmail.com,)6JzvD2_G2,"534 Charles Unions
Port Alanmouth, NC 34786",UN-366,Tartus,2019-06-11,1,15,+963 11 1730 7805,+963 11 7844 8448
172,Amy Wilson,zroberts@perez.com,zeh4Nt0Zl@,"987 Vargas Garden Suite 111
Andersonfort, MS 69955",UN-620,Homs,2022-03-08,3,17,+963 11 9563 6981,+963 11 6874 2032
173,Justin Miller,michelepeterson@yahoo.com,j3MTmIV+^f,"89116 Moore Gateway
Matthewside, AZ 88726",UN-597,Damascus,2018-08-12,1,7,+963 11 3226 2580,+963 11 9097 8199
174,Stacey Fernandez,gmonroe@price.com,o8TeWcoa@7,"2704 Angela Locks Apt. 939
Dustinmouth, CO 83150",UN-934,Aleppo,2021-02-05,5,11,+963 11 5468 7892,+963 11 8497 2421
175,Richard Mitchell,grantsandra@yahoo.com,1tuIGW%l$5,"94354 King Mountain
Millerfort, PA 84410",UN-568,Damascus,2022-12-23,4,22,+963 11 7194 2455,+963 11 5973 1561
176,Julie West,roseronald@hampton-mays.com,pBzH1Rhg$m,"510 Ronald Drives
Lake Brendaside, AZ 16855",UN-112,Tartus,2020-10-16,1,23,+963 11 2059 5763,+963 11 3294 6693
177,Richard Nelson,frank43@ortiz.info,@5dpXjgPcu,"91786 Colin Islands Apt. 804
Cherylberg, TN 94856",UN-224,Latakia,2023-04-04,2,13,+963 11 3598 9890,+963 11 5054 8551
178,James Sanchez,robertbrooks@fuller-durham.biz,NmMod!OW+9,"5616 Gutierrez Heights
Morrisstad, LA 42768",UN-445,Aleppo,2023-08-22,2,14,+963 11 5744 6720,+963 11 3546 8669
179,Brian Marshall,hodgeshannah@gmail.com,9nagPl3v%k,"765 Amanda Fords
Lake Dannyville, OR 38531",UN-150,Aleppo,2016-11-28,4,10,+963 11 7095 5954,+963 11 3011 4488
180,Megan Combs,kimberly34@yahoo.com,0@F3suEeWo,"158 Hancock Mountain Apt. 984
Melissatown, PA 97080",UN-707,Tartus,2022-07-22,5,2,+963 11 5056 1222,+963 11 4691 6695
181,John Butler,hleonard@patterson.com,iQ*4C@aazx,"8734 Anna Glens
South Billy, ME 69733",UN-150,Aleppo,2022-12-27,4,20,+963 11 8928 4344,+963 11 7063 5412
182,Jordan Jones,hubbardkeith@gmail.com,&V^OZ89sL8,"14970 Hernandez Isle Suite 703
Biancatown, NV 74571",UN-928,Latakia,2020-02-21,4,20,+963 11 3306 7859,+963 11 7871 7821
183,Emma Bradley,eshields@jackson-brown.com,t#&3X3jmK&,"979 Michael Forges Suite 891
Port Christina, UT 30358",UN-264,Aleppo,2017-04-20,2,7,+963 11 8019 5728,+963 11 6577 3364
184,Rhonda Smith,parkerjeff@yahoo.com,y07rlD*T%b,"479 Dyer Ports
New Jennifer, AK 64880",UN-643,Aleppo,2020-10-15,3,17,+963 11 1496 1370,+963 11 5634 8599
185,Dr. Kevin Shields,paulwilson@gmail.com,$iZA4VTzRj,"9204 Samuel Cliffs Suite 436
Gardnerchester, DE 83800",UN-655,Damascus,2019-05-29,1,3,+963 11 5198 8742,+963 11 4175 4075
186,Samantha Suarez,charlesmiles@rivera.net,hAi!3C6pNZ,"15297 Antonio Forks
South Karen, KS 27647",UN-346,Latakia,2022-12-09,4,11,+963 11 1644 6568,+963 11 6555 4366
187,Gabriela Moore,taylor45@gmail.com,@+mo2OOavU,"146 Baker Mews Apt. 068
Nguyenbury, UT 67564",UN-473,Aleppo,2015-12-09,2,12,+963 11 8152 6127,+963 11 2584 9841
188,Matthew Sloan,hboyd@yahoo.com,e@7EUjc77l,"4606 Tina Stravenue Suite 727
Fitzgeraldtown, SD 56212",UN-438,Latakia,2019-10-23,4,5,+963 11 5129 8223,+963 11 3012 9375
189,Cheryl Anderson,ymitchell@yahoo.com,3JI5*9Yz%n,"81337 Frazier Road
Lake Andrea, ND 57863",UN-978,Latakia,2020-12-19,1,3,+963 11 2902 1933,+963 11 9830 5716
190,Jacob Alvarado,xlloyd@hotmail.com,#k4FLBHqKk,"PSC 5335, Box 5847
APO AA 50093",UN-397,Tartus,2016-07-08,5,2,+963 11 2302 5808,+963 11 5987 1729
191,Robert Duncan,sheryl84@yahoo.com,&8BIePGcdQ,"37685 Santos Crest Apt. 570
West Shelly, TN 08926",UN-715,Damascus,2017-04-21,3,1,+963 11 2080 2944,+963 11 5542 4417
192,Mr. Christopher Crawford,lisa61@perry-moss.com,06p!DrnM*n,"542 Joshua Inlet
East Jerry, ID 79613",UN-903,Damascus,2022-11-05,3,19,+963 11 8615 8724,+963 11 5974 4255
193,Jonathan Walton,janice78@estrada.org,+9KnkE@rQ2,"0640 Connie Pass Apt. 612
New Robinburgh, ND 12855",UN-636,Latakia,2022-12-01,3,1,+963 11 4373 9777,+963 11 3037 3258
194,Megan Gallegos,nsmith@santos.biz,+CvLSl1Xx4,"5929 Michael Ramp
Jonathanshire, DE 05007",UN-324,Tartus,2014-12-08,5,6,+963 11 9951 3423,+963 11 5904 3282
195,Tiffany Lopez,jessica81@gmail.com,S^45eWq6qc,"286 Heather Stream
Andersonton, NV 76634",UN-990,Tartus,2022-05-27,2,9,+963 11 5928 7366,+963 11 9674 4722
196,Karen Parker,annettebrooks@cross.net,34LaEu5x@i,"Unit 4508 Box 8108
DPO AE 82705",UN-200,Damascus,2019-07-21,3,20,+963 11 2861 2543,+963 11 7791 4871
197,Rebecca Foley,kelly92@gmail.com,%n2j57UesB,"17023 Joel Inlet
North Danielberg, OR 39801",UN-234,Tartus,2024-07-13,3,9,+963 11 9507 3426,+963 11 6135 5925
198,Lindsey Martinez,dawnbean@copeland.com,6aYS0nka*5,"26756 Fisher Street Apt. 797
Lake Cindy, NV 40107",UN-913,Damascus,2024-09-03,2,21,+963 11 5528 5172,+963 11 3012 5698
199,Michael Meadows,angelherman@yahoo.com,b$3IFDtJ_L,"16041 Leslie Station
West Austin, IA 60580",UN-647,Homs,2020-10-15,2,10,+963 11 5462 1284,+963 11 2155 6355
200,Robert Stewart,mejiajaclyn@hotmail.com,th2ZrBAy^&,"856 Justin Branch Suite 170
North Desiree, AL 74175",UN-401,Latakia,2022-05-21,3,4,+963 11 2070 5844,+963 11 2156 6621
201,Charles Hoffman,kimberly51@parker-carpenter.com,&1aPPN9o!q,"799 Gallegos Run
North Kathyburgh, WV 92608",UN-373,Aleppo,2017-01-21,1,23,+963 11 2350 7221,+963 11 5124 6929
202,Linda Jimenez,franklinsteven@gmail.com,(j&Q#vnuo9,"8065 Kiara Neck Apt. 680
Perkinston, CA 99465",UN-230,Tartus,2017-07-08,1,15,+963 11 9159 8049,+963 11 6576 3949
203,Vanessa Cline,mark60@gmail.com,!5mWhPEuz2,"7535 Hammond Shoal Apt. 526
Murrayshire, WA 94050",UN-719,Aleppo,2020-11-19,1,12,+963 11 3186 9630,+963 11 7938 3826
204,Sean Garcia,bcastillo@griffin-conrad.biz,UxNsupRx!0,"4273 Mathis Ridges Suite 613
Debbieview, NJ 18351",UN-219,Latakia,2016-10-31,4,2,+963 11 8342 3459,+963 11 8350 2230
205,Alexander Owens,lopezmeredith@bennett.com,03yssZoH#6,"28937 Alexander Station Suite 885
West Kellyport, HI 39576",UN-932,Latakia,2015-07-03,1,16,+963 11 7493 6542,+963 11 8929 1795
206,Karen Garcia,rossvictoria@lee.com,D9(5JsbtCX,"PSC 5967, Box 9625
APO AA 37816",UN-439,Homs,2016-05-02,2,1,+963 11 5956 4446,+963 11 7304 9567
207,Ian Ochoa,ndecker@perkins-zamora.com,x0fAF_s&_9,"38373 Jennifer Way
Timothyborough, MD 45188",UN-250,Damascus,2023-04-24,2,4,+963 11 6479 1583,+963 11 7777 1572
208,Jonathon Delacruz,cgomez@perry-garcia.org,($MTyk+uO0,"66398 Alex Freeway Apt. 050
North Phillip, NM 52448",UN-279,Damascus,2020-01-21,2,24,+963 11 2816 1084,+963 11 1167 7284
209,Kevin Price,stephensmith@hotmail.com,%M8Kulx+B),"PSC 0100, Box 4167
APO AA 12896",UN-832,Aleppo,2016-02-21,3,8,+963 11 2952 5114,+963 11 8791 4064
210,Robert Williams,jroberts@hotmail.com,@1LW9RThAm,"954 Jenny Island
New Sharon, KY 73351",UN-747,Aleppo,2020-01-31,1,16,+963 11 8910 8153,+963 11 9276 6734
211,Stefanie Mcclain,erin09@yahoo.com,+cTe3DtOU!,"408 Byrd Plains Apt. 555
Gillborough, GA 63109",UN-101,Tartus,2022-04-25,2,9,+963 11 8284 4732,+963 11 6728 5837
212,Shannon Murray,robert80@gmail.com,J7swVekE)q,"18923 Long Crossing
Christinamouth, LA 91280",UN-268,Tartus,2020-12-30,2,13,+963 11 3799 9149,+963 11 6406 9087
213,Janice Martinez MD,paulaho@gomez-simpson.com,l1vexDxn@J,"696 Walker Trafficway
East Joanne, WY 41798",UN-685,Latakia,2020-01-09,2,21,+963 11 9409 7067,+963 11 6509 2209
214,Michael Lawrence,michelle44@yahoo.com,+KN(utz9I5,"7759 Cervantes Crescent Suite 464
Tracychester, KS 42300",UN-348,Latakia,2024-03-28,5,8,+963 11 3232 1308,+963 11 5874 4526
215,Angela White,eric10@brown.com,%)Xr0FHjbd,"26759 Mark View
Hannahborough, MT 20320",UN-182,Tartus,2021-02-20,5,24,+963 11 5729 2777,+963 11 7881 4243
216,Jerome Lyons,robert35@cortez.com,E^9lIBzDW&,"366 Miller Inlet Apt. 779
West Angel, AK 37630",UN-913,Homs,2017-08-23,1,18,+963 11 3910 5059,+963 11 7183 6275
217,Cameron Joseph,kevinbeck@gmail.com,F2&u4OWa+m,"592 Robinson Corners
Petersonfurt, SC 55582",UN-612,Tartus,2014-11-06,4,15,+963 11 9416 1443,+963 11 8920 2154
218,Brandon Smith,emily23@porter-haney.com,RsQ2Om2M@6,"369 Everett Summit Suite 709
Port Sharonburgh, CT 36788",UN-986,Latakia,2016-07-04,4,3,+963 11 5394 7823,+963 11 7262 9712
219,Michelle Boone,znguyen@hotmail.com,$jYWFm&6v0,"7747 Thompson Path
Emilyview, NJ 63986",UN-329,Latakia,2015-06-29,5,15,+963 11 8549 5934,+963 11 9878 7878
220,Shannon Melendez,amybautista@lewis-morris.com,0m6MVZWc*L,"PSC 1229, Box 5334
APO AP 53444",UN-971,Aleppo,2017-03-08,3,13,+963 11 1352 8832,+963 11 6074 2996
221,Teresa Huerta,andreaking@smith-adams.com,Hh$eg0Ukcp,"04194 Jennifer Grove
Lake Betty, OH 62609",UN-382,Tartus,2023-05-21,4,23,+963 11 2259 9325,+963 11 9639 8637
222,Robert Gentry,joseph22@hotmail.com,fC1%lAu2*@,"3785 Jacob Fords
Evansside, MD 87920",UN-640,Homs,2016-02-01,4,17,+963 11 2779 1600,+963 11 3710 2238
223,Cindy West,kingedward@hotmail.com,cSk9Xt5ed&,"600 Dennis Corner
New Jennifer, NM 53196",UN-136,Aleppo,2016-09-28,4,10,+963 11 8616 9743,+963 11 5210 6658
224,Mary Miller,mitchell53@love.info,3(H6WCrUsV,"112 David View
Patelstad, WY 93486",UN-817,Homs,2019-02-01,2,20,+963 11 4089 7656,+963 11 2480 6709
225,Christina Elliott,moorescott@gmail.com,5^0u)Dcrby,"625 Thomas Branch
Port Nicholasland, MO 95905",UN-147,Damascus,2023-10-06,1,19,+963 11 7336 3816,+963 11 2110 1658
226,Mary Rodriguez,lindahall@bell.com,Q_W7Qz%Sh7,"843 Barbara Bridge
North Markfort, DE 42761",UN-405,Homs,2021-11-07,3,22,+963 11 1924 9969,+963 11 2887 4620
227,Matthew Watson,martinezcatherine@white.org,61O)$x9h%N,"60688 Kathy Lock Suite 202
Lisaberg, PA 57969",UN-397,Damascus,2022-03-19,5,21,+963 11 2376 6827,+963 11 7302 7303
228,Meghan Richardson MD,andrewsbenjamin@hood.com,O$18P#YBna,"566 Miller Mission
South Molly, ND 03650",UN-891,Aleppo,2020-07-29,3,4,+963 11 5759 9185,+963 11 2697 5570
229,Philip Weaver,william18@dominguez.com,h3_M$njF^x,"2215 Steven Meadows
Davismouth, TN 34258",UN-315,Tartus,2019-07-21,2,10,+963 11 2119 9306,+963 11 7804 2522
230,David Bush,navarrostephen@johnson.com,9ZAk8AEt(K,"969 Carl Place Suite 849
Mosesport, AR 23528",UN-864,Homs,2019-12-01,2,14,+963 11 1711 8619,+963 11 9333 5100
231,Sarah Gay,james99@hotmail.com,PrM9N@Pj@6,"76886 Ralph Isle Suite 996
East Craigton, IL 56476",UN-776,Damascus,2018-09-21,4,16,+963 11 7480 3813,+963 11 6718 7087
232,John Clark,hinesmelanie@hotmail.com,O1l2TLiv_8,"3865 Morgan Light
East Stephanie, NC 96607",UN-648,Damascus,2017-07-01,4,8,+963 11 8575 6869,+963 11 3210 1206
233,Tony Dean,nriggs@yahoo.com,28C$^Zg*@),"4795 Lewis Ramp Apt. 995
Hoganbury, PA 81881",UN-714,Homs,2023-02-02,5,10,+963 11 2981 8534,+963 11 8548 2165
234,Eduardo Williams MD,blee@rivera.info,j(N_Aeo&*9,"8028 Mcneil Rest Suite 104
Estradafort, OH 48952",UN-321,Aleppo,2019-09-09,3,23,+963 11 3489 4811,+963 11 9945 1184
235,Janice Ortiz,yflynn@yahoo.com,Y1h83M(c^f,"05051 Connor Hill
Lake Yvonneborough, AL 40621",UN-653,Tartus,2024-10-12,4,2,+963 11 9282 9179,+963 11 7369 7405
236,Joan Payne,kaylee74@gmail.com,@2GK2CHvzY,"7482 Steven Inlet Suite 711
East Scott, WY 82400",UN-392,Damascus,2021-08-27,4,11,+963 11 2961 6190,+963 11 5957 7101
237,Wesley Smith,brian17@copeland.net,)EyOulXF%1,"8462 Jeremy Overpass
Bennettborough, WY 55061",UN-185,Damascus,2023-12-22,2,16,+963 11 5090 7997,+963 11 6607 7727
238,Karen Krueger,xsullivan@johnson-moore.net,55oCI_vS&D,"5384 Smith Forks
Port Michaela, VT 59589",UN-873,Tartus,2024-06-14,2,19,+963 11 8744 1337,+963 11 1386 5855
239,Charles Holder,millerbrittany@massey-williams.com,$jcyFNWnL6,"PSC 0662, Box 8494
APO AP 85611",UN-825,Homs,2023-10-31,5,16,+963 11 9202 8837,+963 11 2987 2792
240,Marcus Brown,mmartinez@johns.com,_^E4LbuESR,"USNS Middleton
FPO AA 78597",UN-323,Tartus,2019-09-30,5,13,+963 11 9356 1191,+963 11 5556 2262
241,Deborah Gould,gravesanthony@walton-smith.com,&k1wKq^)1R,"292 Jones Run
West Robert, OH 09452",UN-648,Latakia,2017-10-05,3,16,+963 11 6471 8029,+963 11 3646 7675
242,Christopher Levy,carpenterchristopher@allen.com,Iy_LL7Phi*,"8850 Alyssa Plains
New Kelly, KS 83051",UN-427,Latakia,2016-06-02,3,20,+963 11 1238 8922,+963 11 8003 5238
243,Ms. Pamela Simpson,james52@hall-scott.biz,%W(z1Bvqva,"98294 Angela Crest Suite 513
Liushire, NV 08614",UN-377,Tartus,2018-10-16,4,6,+963 11 4666 1786,+963 11 6710 9566
244,Donald Keller,jerry79@thornton-harvey.net,&$2+Br$m3X,"1562 Smith Crescent Suite 690
North Tracy, MS 55571",UN-543,Tartus,2016-07-11,3,11,+963 11 9074 8157,+963 11 5477 6304
245,Margaret Jordan,clarkcrystal@hotmail.com,*9g6aHgznO,"USCGC Johnson
FPO AP 82475",UN-802,Aleppo,2014-12-14,3,7,+963 11 8019 2988,+963 11 1123 1794
246,Abigail Dennis,diana09@gmail.com,_nK7KqVp4Q,"216 Miller Terrace
Pamelashire, NJ 03990",UN-616,Damascus,2021-06-25,2,18,+963 11 7171 2728,+963 11 6169 9108
247,Ian Potter,kevinbates@murillo.com,^n9J(4)q0R,"859 Love Divide
Pattersonfort, MT 94197",UN-113,Tartus,2017-02-27,4,15,+963 11 9464 4129,+963 11 8978 7399
248,Maureen Arnold,stevenhull@yahoo.com,ND_#5tDy$n,"08404 Alvarez Ford
Mathewstad, SC 45734",UN-831,Tartus,2018-04-04,1,11,+963 11 6130 6288,+963 11 7951 7645
249,Chase Payne,lynnpotts@gmail.com,*+(dR12zMG,"72394 Stephen Ports
East Pennyfort, KS 85791",UN-293,Tartus,2019-08-09,2,11,+963 11 2317 1732,+963 11 1045 6371
250,Paula Contreras,tylerkimberly@reese.com,o$90v2Lp@(,"992 Melissa Burg Apt. 194
South Williammouth, UT 07588",UN-845,Homs,2019-02-02,2,15,+963 11 6387 3524,+963 11 6624 3387
251,Carol Douglas,cbrown@hotmail.com,*6t3xGo5hs,"107 Robert Hollow
Joelmouth, DC 27870",UN-942,Homs,2024-07-13,3,16,+963 11 7368 5178,+963 11 5165 6480
252,April Pugh,carolkim@gmail.com,b@0!r0An(H,"225 Adam Knoll Apt. 662
Port Timothy, MO 58589",UN-618,Tartus,2020-09-09,3,19,+963 11 1606 1725,+963 11 1595 9682
253,Mary Evans,fwilliams@hotmail.com,)F33*Ca8$*,"10027 Fox Cliffs Suite 437
East Alexandra, MS 13510",UN-272,Damascus,2017-08-29,4,5,+963 11 3722 4483,+963 11 3215 2486
254,Danielle Rivera,michael67@torres.org,Yj2Moz62%2,"784 Smith Causeway
West Haleyhaven, MS 30597",UN-135,Tartus,2022-03-17,1,20,+963 11 1126 1100,+963 11 6724 7026
255,Angela Collier,victoria29@gmail.com,_7urq)gxPq,"5878 Lopez Isle
West Raymondhaven, KY 15681",UN-187,Damascus,2018-12-22,3,25,+963 11 6245 6066,+963 11 3572 1146
256,Lisa Fitzgerald,hamiltonchristopher@hall.com,)14yGVoLSM,"87784 Bailey Bypass Apt. 637
Jessicaview, AL 32021",UN-617,Latakia,2017-03-04,3,23,+963 11 1492 6783,+963 11 4563 2563
257,Nicholas Ray,ngonzalez@hotmail.com,+)58HAzH!7,"479 Brian Lodge
Christinachester, IL 92752",UN-475,Tartus,2017-02-11,1,25,+963 11 6963 8075,+963 11 8047 7451
258,Robert Thompson,jose94@gmail.com,^M!XBb0_X0,"8277 Yoder Plains Apt. 998
West Courtneyfort, AZ 26304",UN-952,Latakia,2017-12-14,5,12,+963 11 7388 6590,+963 11 7914 6398
259,Jesus Reynolds,maria12@hotmail.com,(9EyNt$!&5,"25884 Villanueva Island
New Shannonport, SD 22103",UN-546,Latakia,2016-06-04,4,13,+963 11 2078 8686,+963 11 4288 5970
260,William Foster,zcooper@lee.net,%#Le*WDy!3,"089 Mark Light Suite 958
Lake Denise, MO 59583",UN-184,Damascus,2022-10-09,5,19,+963 11 6568 9775,+963 11 9390 8922
261,Brian Carter,edwinsmith@smith.com,&4IE^gOCI9,"PSC 4737, Box 0065
APO AE 96493",UN-465,Damascus,2015-10-17,4,1,+963 11 1011 6899,+963 11 5204 6708
262,Evelyn Miller,donaldayala@yahoo.com,A^2fRhA3^8,"8211 Humphrey Mountains
New Deanburgh, DC 36268",UN-387,Latakia,2019-10-27,3,1,+963 11 3898 1583,+963 11 1010 2699
263,Heather Barrera,hvalencia@hotmail.com,h+_9K2y5Nn,"3119 Victoria Isle Apt. 927
West Stephen, SC 38000",UN-856,Aleppo,2016-01-12,1,3,+963 11 5585 3841,+963 11 5588 5096
264,Nicole Martinez,tammyavila@graves.com,v%5M%NooOJ,"33404 Michael Mills
Gilbertview, IA 38087",UN-686,Aleppo,2015-07-18,4,25,+963 11 8015 3379,+963 11 7954 2176
265,Mary Hudson,gbarrett@white-smith.com,r9&)Tai8^b,"USS Huerta
FPO AE 90262",UN-489,Damascus,2024-01-20,1,22,+963 11 2051 7326,+963 11 9168 4436
266,Felicia Guerra,wperez@hall.com,&!n3JMYb11,"07961 Burgess Burgs
New Anamouth, OH 57811",UN-442,Tartus,2020-08-09,1,17,+963 11 6584 3143,+963 11 1600 7093
267,Danny Phillips,vjohnson@ingram.com,@8BKcUS7N5,"88453 Kristin Land
New Kevin, NV 13678",UN-536,Homs,2022-12-08,2,20,+963 11 9291 8342,+963 11 8527 2500
268,David Williams,gvalencia@hotmail.com,a%qyh0c_dS,"263 Martha Unions
South Jennifer, WA 03417",UN-532,Damascus,2024-08-03,4,13,+963 11 9947 7772,+963 11 4607 8645
269,Anthony Adams,christinemitchell@jimenez.info,@@4ZExCdAq,"74500 Payne Run
Port Kayla, MN 13553",UN-958,Latakia,2023-10-13,4,18,+963 11 5796 3322,+963 11 7847 5160
270,Mr. Travis Dyer,ashleynicholson@baker.biz,@8VgpuCx@#,"448 Faulkner Freeway
Amyland, CO 78338",UN-499,Tartus,2019-02-04,5,23,+963 11 9888 6610,+963 11 7052 7693
271,Cameron Hall,alexaleonard@gmail.com,mj%76AocXr,"02275 Flores Way Suite 036
Phillipsbury, TX 62577",UN-366,Aleppo,2024-01-09,3,17,+963 11 6004 5162,+963 11 8230 7910
272,Allison Kaiser,irivera@hotmail.com,_51bw*@bqJ,"52656 Jones Squares Apt. 732
Anthonyhaven, NM 91157",UN-976,Aleppo,2015-03-17,3,15,+963 11 2465 1957,+963 11 4076 5339
273,Derek Wall,jamie15@yahoo.com,$ac%$X%1X4,"9115 Kennedy Creek
East Jamiefurt, LA 43259",UN-479,Latakia,2014-11-10,5,20,+963 11 1585 2508,+963 11 3676 3927
274,Thomas Jones,angelasalazar@gmail.com,)AA!c@dJ_9,"610 Griffin Throughway
Troyland, NV 15438",UN-967,Aleppo,2022-03-19,5,6,+963 11 8176 1336,+963 11 9295 3980
275,Shannon King,gilmorejose@hotmail.com,w$v49T1ejJ,"02653 Ashley Underpass
New Paulaland, KY 54751",UN-549,Damascus,2019-02-26,2,8,+963 11 4315 9802,+963 11 5048 1933
276,Shawn Jones,tporter@bates-jimenez.com,_8i*CGTfN6,"6480 Ball Camp Suite 473
Jamieberg, DE 78749",UN-849,Damascus,2014-12-30,4,14,+963 11 4291 3264,+963 11 2715 3629
277,Justin Johnson,kgreer@conway.com,#5eL_HFmug,"905 Lucas Green Apt. 478
East Cynthia, MN 93035",UN-422,Aleppo,2019-06-28,2,20,+963 11 8722 4931,+963 11 1642 4189
278,Robert Baker,juliebraun@perez-woodard.com,dHEknHJv*3,"4486 Spencer Coves Suite 464
Calderonchester, MT 70848",UN-609,Tartus,2018-03-31,4,2,+963 11 1517 9150,+963 11 9400 4837
279,Natalie Shields,stacy11@martin-hoffman.org,#K62%A+b&v,"USNV Thomas
FPO AP 88539",UN-164,Damascus,2021-06-12,5,5,+963 11 2428 5391,+963 11 2915 8844
280,Justin Harmon,tlynch@hotmail.com,+1iKIJbs^y,"6898 Matthew Hills
New Martinberg, SD 26270",UN-701,Damascus,2017-09-27,2,14,+963 11 8617 4239,+963 11 7304 7039
281,Janice West,taylorlee@gilbert-matthews.org,n%d6LJjd0t,"89451 Stevens Dale Apt. 021
East Kenneth, RI 91234",UN-107,Damascus,2017-10-18,5,3,+963 11 5596 1075,+963 11 4659 8345
282,Diana Perry DVM,glendaclark@hotmail.com,x%1T@lO&ld,"660 Miller Ford Suite 677
Terrishire, OK 43250",UN-967,Latakia,2015-11-19,4,15,+963 11 4416 8332,+963 11 7350 1585
283,Katherine Scott,janet35@lee.com,cz287XbT3^,"4733 Garcia Field Apt. 179
South Jake, LA 12051",UN-616,Homs,2015-12-08,1,14,+963 11 5110 8171,+963 11 1203 6946
284,William Jordan,sandra54@hotmail.com,H!_9^Xn*EN,"273 Jill Meadows
North Stacey, ID 05898",UN-263,Tartus,2023-12-01,2,14,+963 11 4320 5109,+963 11 8346 5738
285,Audrey Stewart,oknapp@jennings.com,+9TML_qHt6,"95439 Lopez Mission
Reidside, AR 58748",UN-927,Latakia,2024-05-23,5,24,+963 11 5724 3959,+963 11 1724 2641
286,Michael Lopez,roblesrenee@booth.net,!cr1lOzCo%,"6797 Cindy Ways Apt. 810
Port Patriciaton, GA 43501",UN-843,Homs,2016-07-27,5,21,+963 11 6216 6954,+963 11 6907 8729
287,Jesus Swanson,yvonne69@gmail.com,_@&k&EcjH7,"42883 Hayley Corner
Lake Lisa, ND 10755",UN-265,Tartus,2018-11-13,5,13,+963 11 1128 7110,+963 11 4012 2760
288,Katherine Smith,taylortonya@johnson-moore.com,Q_r2rUv*L@,"864 Lopez Place
North Douglas, SD 04558",UN-452,Latakia,2019-02-19,2,13,+963 11 8308 3894,+963 11 9138 2953
289,Theresa Washington,john35@yahoo.com,hiE9VDc*J(,"3148 Bush Summit Apt. 509
Donaldmouth, SD 46351",UN-404,Latakia,2020-10-13,1,13,+963 11 5394 7454,+963 11 1547 8680
290,Sharon Clark,mercadopamela@mcdaniel.com,X&&H8zOeA(,"USCGC Wolfe
FPO AE 79778",UN-337,Latakia,2020-08-18,1,3,+963 11 3698 1030,+963 11 6971 9669
291,Jo Brown,srichardson@frye.biz,s!gU%0dI&4,"28972 Denise Fort Suite 937
Jaredfurt, TN 42823",UN-542,Latakia,2018-07-05,5,24,+963 11 4553 5071,+963 11 6565 6901
292,Teresa Peterson,wfuller@ford.com,c71RTZgf#6,"7712 Brown Circles
Elizabethville, AZ 69833",UN-469,Homs,2023-11-24,2,25,+963 11 3740 7046,+963 11 4687 6862
293,Anthony Green,smithvalerie@hotmail.com,v_QXaea_#0,"9077 Melissa Station
South Johnmouth, WI 09094",UN-394,Homs,2022-04-25,1,6,+963 11 5456 5903,+963 11 6517 7531
294,Judith Allen,utaylor@yahoo.com,!Z93NbNpDW,"69764 Gonzalez Alley
Devinville, LA 14303",UN-271,Damascus,2019-03-30,2,18,+963 11 2957 6819,+963 11 9312 2037
295,Jaime Dillon,pattersonjackie@fuentes.net,P^Aa3(Xa*y,"31068 Orozco Locks Suite 067
Port Tonya, NV 20971",UN-314,Tartus,2016-03-26,2,20,+963 11 3514 5889,+963 11 7030 9333
296,Daniel Smith,wrightamanda@gmail.com,#sx!bRMb12,"6161 Richard Rapids
North Samuel, SD 45634",UN-309,Homs,2014-11-01,1,9,+963 11 9704 3807,+963 11 7930 6722
297,Brian Carter,barbara46@juarez-anderson.com,+VS3%EkIX2,"729 Johns Mission
Port Wesley, CO 72812",UN-241,Homs,2022-04-02,4,16,+963 11 6873 3655,+963 11 9975 5721
298,Pam Mitchell,royjennifer@gmail.com,u((6Ob7mnU,"72819 Cynthia Extensions
North Robert, MO 82011",UN-649,Aleppo,2024-08-20,2,24,+963 11 8508 6772,+963 11 9749 3043
299,Ronald Baird,johnsonkatherine@gmail.com,O$4aP9UvB3,"318 Diana Stravenue Suite 825
Jasonhaven, NJ 46439",UN-841,Aleppo,2017-06-19,4,22,+963 11 2113 6050,+963 11 5086 4291
300,Brent Edwards,yharris@cole-martin.com,438ISqBI(p,"12236 Melendez Throughway Suite 177
Nelsonbury, NH 13021",UN-841,Aleppo,2017-10-15,2,3,+963 11 7311 4727,+963 11 7658 1621
301,Jennifer Stewart,clarkveronica@fisher-carter.com,^O2kZ@tu0n,"817 Donald Harbor Apt. 478
Christineberg, GA 45614",UN-712,Latakia,2022-02-22,2,10,+963 11 3856 7784,+963 11 7316 4124
302,Richard Price,lloydmartin@cox.com,D!2ZA$yoz+,"067 Angela Island Suite 023
Sanchezland, CT 11601",UN-165,Latakia,2020-03-21,1,4,+963 11 2414 8126,+963 11 9547 3180
303,Tina Rasmussen DVM,jalvarez@osborn-alvarez.info,+22)ARYy^s,"506 Adam Rapids
South Anthonytown, DC 42976",UN-467,Tartus,2016-09-17,4,4,+963 11 6568 6103,+963 11 7761 6337
304,Jason Perez,rnewton@hotmail.com,wD+POYk%&9,"0757 Kristi Plains
West Ricardo, NM 77703",UN-977,Aleppo,2023-04-02,3,10,+963 11 9671 3665,+963 11 7196 9953
305,Curtis Myers,saundersmegan@hotmail.com,@kV^6uh3b0,"498 Schneider Ridge Suite 614
East Paulchester, MN 01005",UN-330,Homs,2023-12-24,2,15,+963 11 6141 9648,+963 11 7291 7749
306,Angelica Reed,nharris@yahoo.com,$02Fv1NeTv,"3811 Jordan Rapid Suite 941
Jamesshire, NM 14906",UN-408,Homs,2018-11-29,5,22,+963 11 5468 7316,+963 11 8073 5693
307,Alison Rodriguez,sarah95@hotmail.com,2aYiu$wv%7,"51580 Hunt Crossing Apt. 095
East Debra, KY 52294",UN-709,Tartus,2016-07-02,4,22,+963 11 1625 2231,+963 11 7096 8362
308,David Adams,williamsrichard@yahoo.com,_@5ZZuws9s,"4930 Romero Spring Suite 463
North Laura, AL 05006",UN-463,Aleppo,2018-12-17,5,25,+963 11 6582 5914,+963 11 5579 2095
309,Daniel Gonzalez,susan12@yahoo.com,$347iDnukE,"731 Eric Cape Apt. 285
Williammouth, DC 36277",UN-285,Damascus,2018-02-12,3,19,+963 11 5108 4935,+963 11 9323 3703
310,Robyn Alvarez,gdavis@williams.biz,g3+AqR$l^b,"297 Bennett Ports
Ashleytown, MS 37379",UN-680,Homs,2024-04-09,5,20,+963 11 6067 2780,+963 11 1296 1153
311,Leah Cuevas,wallacedaniel@hotmail.com,RF8kVYaBN!,"77719 Hamilton Pine
Lake Jorge, MA 93271",UN-573,Aleppo,2022-09-13,5,11,+963 11 7131 3297,+963 11 5213 8117
312,Danny Ortega,jenniferrobinson@ramirez.com,bo4urjK4d),"6113 Smith Pike
East Ashleymouth, ME 82441",UN-102,Homs,2016-07-17,5,17,+963 11 7038 1032,+963 11 3136 8669
313,Erin Chavez,tuckerphilip@gmail.com,+8kOBnmw3B,"835 Perry Crest Suite 576
Michealfort, NV 52699",UN-550,Tartus,2016-01-22,4,15,+963 11 2722 4505,+963 11 3133 8837
314,Jon White,christine54@smith-caldwell.net,%ElJXAEuW9,"6966 James Station
South Vickieberg, KS 66218",UN-964,Latakia,2016-12-16,2,4,+963 11 7363 8447,+963 11 9064 9937
315,Luke Dunn,greengregory@hotmail.com,_p!7WqR_L6,"32487 Jose Rue
East Jennifer, MT 58653",UN-848,Homs,2014-11-03,4,20,+963 11 7349 4636,+963 11 1321 3711
316,Vernon Morris,hansencassidy@gmail.com,C$1G#Da0G),"65253 Tiffany Parkway
Courtneyburgh, TN 30193",UN-948,Homs,2022-10-11,3,12,+963 11 1855 7722,+963 11 3277 3573
317,Colton Moore,johnsonmichael@mcclain.com,2_LAwNKp!9,"489 Nicole Forks
Martinburgh, CO 74150",UN-795,Latakia,2015-10-01,3,20,+963 11 9049 4952,+963 11 7363 8746
318,Andrea Whitehead,troycarr@hughes.com,@$PKU9FzPN,"0137 Lane Radial
Randyshire, AZ 81775",UN-820,Latakia,2021-03-19,3,4,+963 11 9762 3269,+963 11 2995 5905
319,Christian Hensley,tracy10@gmail.com,(9Wc!PkvXl,"1798 Williams Loop
Morganland, PA 10253",UN-364,Homs,2018-09-16,5,22,+963 11 4213 6482,+963 11 4770 7490
320,Candice Anderson,rjackson@gmail.com,Z8$Ry#Cz*W,"270 Forbes Corners Apt. 037
Stevensfurt, OR 64703",UN-893,Damascus,2016-06-05,5,23,+963 11 6345 3712,+963 11 4308 8558
321,Melanie Jenkins,donnaross@martinez.com,97q1YqIpx(,"PSC 9749, Box 7747
APO AA 41427",UN-590,Damascus,2022-08-07,4,13,+963 11 5496 4610,+963 11 8908 9316
322,Michael Moore,jacobsdanielle@mcclure.com,_crE!xTo7J,"PSC 1247, Box 5099
APO AP 59502",UN-884,Aleppo,2018-03-12,2,23,+963 11 9727 3273,+963 11 4345 9457
323,Tamara James,rachelmurphy@yahoo.com,e7rO6aKA!u,"67452 Smith Station
Burkebury, MT 65238",UN-159,Tartus,2019-11-22,5,11,+963 11 4837 3399,+963 11 6035 7931
324,Paul Hubbard,brownjose@terrell.com,+3KLwTTpW4,"2677 Cochran Fall Suite 118
East Cameronfort, WI 36632",UN-280,Homs,2022-03-21,1,1,+963 11 7344 5610,+963 11 5910 8422
325,James Doyle,patricia52@charles.com,^I4HT8ltn6,"18559 Deborah Station Suite 829
West Theresa, PA 17357",UN-791,Damascus,2017-03-07,3,24,+963 11 7681 2365,+963 11 6589 2836
326,Jeremy Barber,torresjerry@hotmail.com,*7mXwkawh^,"6201 Diana Lodge Suite 904
Jacquelineland, KS 66888",UN-357,Homs,2019-01-23,3,21,+963 11 6573 6650,+963 11 7497 5565
327,Charlotte Reid,stanleylori@gmail.com,ps8H8Knx&A,"Unit 4909 Box 9601
DPO AA 72496",UN-732,Latakia,2022-08-19,2,12,+963 11 7695 8625,+963 11 4572 4444
328,Patrick Wilson,mckinneyphillip@hotmail.com,@3rFHAyM^!,"355 Daniel Views
Jenkinsmouth, NY 59879",UN-797,Tartus,2019-10-26,3,6,+963 11 5778 3893,+963 11 8056 3956
329,Melissa Smith,urobinson@clark.com,4jOYmHhy%v,"0890 Sara Haven
Carterside, ME 41475",UN-148,Tartus,2017-05-30,4,1,+963 11 5454 1322,+963 11 5722 6984
330,Michelle Brown,kimberlybell@gmail.com,&MCt6Fn@O4,"PSC 7097, Box 9304
APO AP 37107",UN-281,Latakia,2023-04-06,2,20,+963 11 1394 5091,+963 11 5748 6954
331,Gina Lopez,mistyruiz@bradford.com,+4La^uPn8c,"9038 Brittany Crossing Apt. 306
Lake Christieview, MN 21039",UN-263,Damascus,2015-04-14,1,8,+963 11 1128 4512,+963 11 2097 5015
332,Nichole Bennett,thomas82@hotmail.com,ND9Sw@n%J!,"26460 Andrews Overpass Suite 208
Port Carlosland, NV 09284",UN-553,Aleppo,2024-02-29,3,17,+963 11 3808 5934,+963 11 2709 5530
333,Caleb Hicks,kellymartinez@gmail.com,orMo(bU0k!,"49752 Mejia Harbors
Lisaborough, MN 14987",UN-802,Latakia,2022-04-22,2,25,+963 11 9262 1471,+963 11 3669 8999
334,Sarah Walker,andersonsteven@gmail.com,IiO0Kcds&y,"29824 Douglas Plaza Suite 672
East Suzannefurt, CA 83403",UN-730,Homs,2018-05-23,4,19,+963 11 6627 5884,+963 11 5080 7789
335,Anthony Stewart,conleytanya@gmail.com,3q7rTE6fH(,"269 Lewis Extensions Apt. 672
New Denise, NH 62831",UN-682,Tartus,2020-06-08,2,15,+963 11 2008 5046,+963 11 5484 2277
336,Brian Conner,nsmith@mendoza-crawford.com,6ZnIELlb@N,"507 Michael Mills
New Meganville, DC 67074",UN-770,Tartus,2017-02-15,2,5,+963 11 1533 5093,+963 11 7772 5652
337,Heather Romero,amber32@turner-white.info,@d9&%P#kqF,"6057 Leonard Burg Apt. 960
Port Roberta, DE 77635",UN-991,Homs,2021-06-30,5,14,+963 11 1599 3731,+963 11 3980 2814
338,Maureen Kelley,melaniesoto@fernandez.biz,n@8Z6h1g2o,"2477 Robinson Club
North Kyle, AZ 53759",UN-706,Aleppo,2016-08-19,5,14,+963 11 8361 1627,+963 11 7258 8150
339,Erica Allen,samantha86@navarro.com,G3GTyXqu$k,"658 Jimmy Drive
Scotthaven, NH 21761",UN-319,Homs,2016-11-07,3,3,+963 11 3283 4370,+963 11 4525 1801
340,Nancy Collier,heather15@rodriguez.org,^i1S&!Eiv6,"510 Gregory Island Suite 007
South Deannatown, CT 04483",UN-774,Latakia,2016-12-15,5,25,+963 11 5166 1244,+963 11 8217 7351
341,Teresa Kane,melissasimmons@williamson.biz,(yl2r8ZA3&,"102 Miller Plain
South Yvette, IL 91945",UN-626,Damascus,2020-07-10,5,23,+963 11 2453 4749,+963 11 1036 6260
342,George Miranda,stephanieromero@yahoo.com,J1MdsuR!_#,"86993 Angela Square Suite 658
New Paul, PA 85260",UN-446,Tartus,2024-03-23,4,23,+963 11 6930 7193,+963 11 3010 8222
343,Brian Sanchez,dyerbrian@torres.net,$581ZyG%Rc,"27476 Church Crescent Apt. 258
Christianfort, WI 33901",UN-171,Aleppo,2015-09-29,5,23,+963 11 7433 1998,+963 11 5222 7045
344,Alicia Brown,jcampbell@campos-owens.net,#2ElNvUA%t,"576 Suarez Ridge Suite 669
Sydneyside, MD 33576",UN-361,Homs,2019-07-25,5,3,+963 11 9537 4957,+963 11 8782 3666
345,Daniel Stone,suzanne82@pratt.org,pe8A#Ns)G#,"3400 Gary Expressway Suite 160
Charlesmouth, NJ 02228",UN-786,Tartus,2024-06-23,1,10,+963 11 2243 1872,+963 11 6791 3698
346,Michael Garcia,victorbryan@english.net,0!iWWjZK+1,"135 April Ridge Suite 407
Robinsonfort, MS 83116",UN-773,Latakia,2022-12-07,2,1,+963 11 2672 7400,+963 11 4874 2477
347,Donna Crawford,fjohnson@hotmail.com,$5P85tKpbU,"935 Janice Crest
Debbieberg, CO 49336",UN-738,Homs,2017-08-12,5,11,+963 11 7242 9304,+963 11 6597 1859
348,Jennifer Acevedo,benjamin39@wilkinson.com,*237(H9h__,"36593 Odonnell Hills Suite 502
Marisamouth, CO 11868",UN-274,Latakia,2022-05-29,4,21,+963 11 7633 8443,+963 11 6376 4846
349,Keith Wright,rivasscott@garcia.biz,yLKITI3s%0,"5909 Stevenson Drives Apt. 878
Clarkborough, NH 95996",UN-727,Tartus,2015-07-28,3,7,+963 11 7383 8839,+963 11 5831 6698
350,Emily Blevins,sanchezmichelle@gmail.com,KD+&N4Sn^_,"43394 Snyder Pine
West Christopher, OK 11523",UN-708,Latakia,2020-11-15,5,13,+963 11 8321 2380,+963 11 8757 7365
351,Brian Kane,warrenhatfield@gmail.com,%CJ5Ptu%Fc,"USCGC Fernandez
FPO AP 62502",UN-514,Homs,2018-05-22,4,13,+963 11 7892 6002,+963 11 6590 5850
352,Cassandra Fisher,ygardner@smith.com,n5XLAb9c%x,"57684 Taylor Lodge Suite 151
Port Johnnyland, WV 69936",UN-256,Latakia,2020-04-28,4,14,+963 11 8991 4641,+963 11 4953 1835
353,Dr. Erin Beck,jamesmaynard@stout.org,)ycBxuhT45,"29365 Ashley Streets
North Shane, OH 13660",UN-689,Latakia,2016-10-10,3,25,+963 11 4807 6553,+963 11 8626 7148
354,Rebekah Williams,martha93@huffman-bowers.org,@*Ru6WNf)+,"60917 Autumn River Suite 255
South Jamie, SC 14067",UN-278,Aleppo,2018-10-02,4,18,+963 11 6160 3762,+963 11 2916 4511
355,Mr. Tony Cobb,fsolis@reed-williams.com,F0vAb*sN)G,"263 Berry Pines Apt. 414
Port Brenda, MT 12430",UN-494,Latakia,2022-07-23,5,10,+963 11 3610 3104,+963 11 6211 3712
356,Danielle Dougherty,haysdanielle@hotmail.com,B01)xTlr^N,"3278 Joseph Rapid
East Jonathanshire, MT 70915",UN-967,Latakia,2017-02-18,4,22,+963 11 6542 5174,+963 11 5477 6607
357,Russell Chavez,stonekevin@gmail.com,$9RhL%xaL9,"01715 Hannah Stream
Harveyside, AK 54349",UN-971,Latakia,2023-11-28,3,20,+963 11 5807 5195,+963 11 4602 8456
358,David Edwards,markrobinson@gmail.com,@_9RVGgl14,"8911 Jose Cliffs Suite 284
South Crystalview, WV 68474",UN-918,Latakia,2018-08-08,1,15,+963 11 9722 7162,+963 11 8806 2420
359,Amy Sanders,moorerebecca@wilson.org,(_m9OnGNM*,"752 Martinez Brook Apt. 591
West Christophermouth, AL 39393",UN-208,Aleppo,2015-05-15,5,2,+963 11 2296 4698,+963 11 6477 7386
360,Brianna Obrien,jillian77@patrick.com,9W82Gn(et$,"1840 Castillo Trail
Lake Ethan, LA 84737",UN-988,Homs,2021-12-12,1,20,+963 11 8409 6184,+963 11 2316 5933
361,Derek Rodriguez,arnoldnicholas@yahoo.com,B4QAzbGf*M,"567 Simpson Grove
New Krystalbury, OR 67970",UN-198,Homs,2017-11-21,5,5,+963 11 5356 5901,+963 11 8610 9155
362,Judy Melendez,smithwilliam@hotmail.com,^86wQp#kG9,"44851 Daniel Gateway
Nicolasmouth, RI 14488",UN-187,Damascus,2021-01-09,1,5,+963 11 4771 7528,+963 11 1391 1221
363,Leslie Johnson,robertwhite@gmail.com,u(L53S&w&D,"5068 Herrera Common Suite 676
Edwardsmouth, MT 02799",UN-775,Tartus,2015-05-04,3,13,+963 11 8754 6498,+963 11 2646 2510
364,Steven Brown,jeffery11@yahoo.com,*_wZRGBzK2,"355 Matthew Burgs
Petersenside, PA 04638",UN-348,Latakia,2019-11-02,4,15,+963 11 7625 8113,+963 11 9173 1990
365,Nicole Johnson,maria36@yahoo.com,@Om39xPwxy,"00153 Chelsey Path
Anthonyville, OH 22533",UN-585,Tartus,2022-07-11,5,14,+963 11 2587 7005,+963 11 5308 7959
366,Eric Bird,bwang@willis-gutierrez.biz,)6DHIJtxVi,"1380 Andrew Orchard Apt. 429
New Adamtown, KY 14566",UN-881,Damascus,2020-05-14,2,5,+963 11 5525 7063,+963 11 6444 9685
367,Ricardo Lutz,brandonrogers@hotmail.com,mJGUDmdL+9,"1239 Anthony Bridge
North Monique, LA 02797",UN-900,Latakia,2021-01-28,4,6,+963 11 7195 3736,+963 11 2565 9522
368,Jeff Rangel,mdavis@williams-griffith.net,cxV6CPkaS#,"81017 Michelle Locks
West Kimberly, MT 23374",UN-874,Damascus,2014-11-04,2,19,+963 11 1934 7247,+963 11 9685 8762
369,Ian Hall,edward73@becker.info,$9gBQoJdc5,"187 Kelly Lane Suite 709
West Patriciafort, AL 83158",UN-164,Latakia,2023-11-10,5,20,+963 11 2751 1770,+963 11 7432 4237
370,Ryan Franklin,tanyapaul@lee-walsh.com,(P!%@utI)3,"2457 Robert Flats Apt. 908
New Richardland, SD 67422",UN-662,Homs,2014-11-26,3,23,+963 11 8513 6320,+963 11 5979 7834
371,Beth Salas,vickiehughes@boyd.com,)4E!4G(YmT,"USNV Meyer
FPO AP 66440",UN-565,Damascus,2021-11-16,5,3,+963 11 6226 7344,+963 11 8520 2765
372,Daniel James,richard94@yahoo.com,(4xMH!hJCr,"9570 Mendez Bridge Apt. 220
Millerport, VA 40846",UN-432,Tartus,2018-04-29,5,11,+963 11 5748 3363,+963 11 2602 7339
373,Troy Rose,whart@yahoo.com,)PP212GuJI,"0225 Krystal Harbors
Huffmantown, NJ 85669",UN-132,Tartus,2019-09-24,2,13,+963 11 8507 8008,+963 11 1589 4284
374,Mark Burton,proberson@gmail.com,0uQ)+xbd)p,"54978 Duffy Roads Suite 931
Francesfurt, WY 41260",UN-321,Aleppo,2020-08-09,2,2,+963 11 3008 9914,+963 11 5202 9903
375,Teresa Robertson,leonardbrent@cameron.info,pLA^#5PaSx,"4673 Walsh Ville
North Nicolemouth, NC 46436",UN-579,Homs,2017-07-31,1,2,+963 11 2677 8693,+963 11 9803 8926
376,Lori Gray,lisagriffin@gmail.com,kH$FxLPa^5,"2644 Lewis Crossing Suite 980
Howellborough, AZ 98218",UN-630,Aleppo,2024-05-20,5,9,+963 11 1278 7630,+963 11 4882 1320
377,Joel Ferguson,kelly44@petersen-stevens.com,j$1qkKRuD$,"02454 Edwards Vista
New Nathanberg, ID 77051",UN-963,Tartus,2015-10-07,5,11,+963 11 8250 8626,+963 11 9990 8416
378,Rachel Rosario,susanpowell@yu.com,CunYzd_d(7,"89119 Ashley Mall
Dawnmouth, NH 14165",UN-401,Tartus,2016-03-23,5,11,+963 11 4250 4794,+963 11 4798 7223
379,Kimberly Figueroa,jonathangrant@adams-wilson.info,R9C%q)nm^w,"0004 Monica Valley Suite 179
New Ashley, OR 53185",UN-615,Damascus,2016-01-14,3,22,+963 11 9769 5098,+963 11 4670 1227
380,Troy Schneider,aaron53@gray.net,&*e(6+Zraa,"4217 Austin Viaduct
Morrisstad, OH 09592",UN-357,Tartus,2016-04-05,1,15,+963 11 6054 2522,+963 11 4701 1412
381,Andrea Lester,lararicky@yang-smith.com,0@6KSUeiB@,"73782 Amanda Plains Apt. 063
North Amyberg, IA 81460",UN-253,Aleppo,2018-10-29,2,19,+963 11 1562 2345,+963 11 2775 6645
382,Adrian Moreno,thomasblake@hotmail.com,*r2GpVS1J8,"3604 Brown Road
Davidport, VT 32240",UN-519,Homs,2015-10-13,2,20,+963 11 2517 5295,+963 11 8687 9526
383,Stephanie Anderson,bchapman@yahoo.com,2y2DbUpUT#,"8189 Williams Forks
West Sheila, KY 42181",UN-810,Latakia,2023-04-19,3,23,+963 11 8069 4751,+963 11 7128 5456
384,Rachel Harrington,ojohnson@hill.info,0&^Jic!1+w,"0938 Derek Ferry
New Eugene, MD 31165",UN-737,Tartus,2022-12-17,4,12,+963 11 3943 1618,+963 11 7116 6619
385,Amanda Walls,rtucker@andrews.com,$Xo2LhaD22,"32260 Shannon Harbors
New Veronica, DC 14047",UN-285,Tartus,2022-04-17,2,2,+963 11 3215 1484,+963 11 2502 9870
386,Mr. Steven Cisneros,frank11@gmail.com,@6Wze)0iuM,"10774 Mason Falls Suite 944
Kristenshire, WI 63650",UN-750,Homs,2022-03-05,4,13,+963 11 6783 5484,+963 11 6070 1290
387,Cody Fleming,melendezchristine@yahoo.com,HVE%3Wj&)T,"1394 Timothy Plain
North David, IA 12887",UN-106,Latakia,2016-05-12,1,10,+963 11 7030 1367,+963 11 2259 3527
388,Oscar Atkinson,deannawatson@mcdonald.net,rrt8WGy6_^,"Unit 9724 Box 4363
DPO AA 98616",UN-399,Tartus,2014-12-02,1,3,+963 11 8480 3265,+963 11 9225 8994
389,Paul Guerrero,amy75@ortiz.com,Ng69WjaO*+,"009 Danny Club Suite 575
East Norma, DC 93475",UN-815,Homs,2017-12-23,3,23,+963 11 3435 9789,+963 11 4263 4729
390,David Drake,hendersonjeffrey@hernandez-johnson.com,)TXGguvm9Q,"6080 Jose Crossing
North Jimmyshire, KS 38238",UN-792,Aleppo,2019-01-11,3,21,+963 11 4405 7256,+963 11 3405 7173
391,Timothy Orozco,chungjeremy@hotmail.com,)$GUGdai81,"533 Derek Rapid
Lake Vanessa, WI 68166",UN-195,Damascus,2021-03-21,2,1,+963 11 8276 9058,+963 11 9788 8183
392,Erin Holt,lindahebert@gmail.com,@0N2W&Hn%&,"74930 Kimberly Run
Morrowview, PA 53127",UN-785,Homs,2020-01-12,2,19,+963 11 4764 2124,+963 11 8205 3731
393,Calvin Fernandez,edward10@smith.com,XMU82en)^9,"PSC 0961, Box 6596
APO AA 41256",UN-791,Latakia,2021-03-29,3,3,+963 11 9817 3328,+963 11 1104 9052
394,Mckenzie Rose,mary77@castaneda.org,#M^8SRr@WR,"70953 Flores Views
Rileyville, NC 93075",UN-219,Aleppo,2021-08-29,5,10,+963 11 6125 4134,+963 11 7576 1637
395,Jeffrey Gibbs,simmonskimberly@doyle.biz,))FW7ORUjl,"48141 Fernandez Villages Apt. 038
Roseland, MA 27773",UN-223,Damascus,2023-04-09,2,18,+963 11 2952 4006,+963 11 2640 4894
396,Elizabeth Owens,amywilliams@hotmail.com,4_O+e9Mz_@,"808 Watson Stravenue
South Erinside, ND 34381",UN-566,Latakia,2021-04-08,3,23,+963 11 3886 3506,+963 11 5029 6382
397,Billy Martin,staylor@smith.com,idi2TDN+g+,"USS Schultz
FPO AE 49326",UN-577,Latakia,2017-08-14,1,19,+963 11 1888 9276,+963 11 5749 2863
398,Jeffrey Holmes,renee63@hotmail.com,S60sMj_H+@,"PSC 7615, Box 5636
APO AP 55386",UN-368,Damascus,2015-04-08,5,1,+963 11 8913 6389,+963 11 3199 7444
399,Christine Moore,jeffreyhoffman@ramsey-stuart.com,2I5JuVct(%,"2497 Justin Station Apt. 856
Lesterfurt, FL 06737",UN-432,Damascus,2023-03-17,4,16,+963 11 6742 7294,+963 11 3609 9913
400,Linda Case,egonzalez@hotmail.com,Aek48iIw_u,"4749 Martin Mews
Port Melissaport, AK 84836",UN-978,Aleppo,2017-06-23,3,14,+963 11 5239 1690,+963 11 7612 9277
401,Joshua Henry,petersmichelle@yahoo.com,#!5ZmusHEX,"81990 Tina Canyon
North Ashleybury, IN 82756",UN-901,Damascus,2016-06-13,1,2,+963 11 2008 1645,+963 11 2224 6792
402,Jason Morrison,tiffany39@lopez.com,yDOwQ$c%*1,"03505 Clark Row Suite 325
Tracymouth, IN 05507",UN-213,Damascus,2015-01-23,4,10,+963 11 7910 4710,+963 11 9131 5440
403,Mary Chambers,deborah21@hotmail.com,$ynw)TD8s2,"69637 Sarah Mountains
North Elizabeth, OH 72875",UN-203,Tartus,2019-01-14,3,21,+963 11 6608 5278,+963 11 2349 6321
404,Jeffrey Ward,jsteele@hotmail.com,M%o4Z+Fda&,"0910 Wilson Junctions
Jennifershire, WI 53515",UN-983,Latakia,2017-08-13,5,20,+963 11 9735 3507,+963 11 4608 3061
405,Michelle Adams,ellisrodney@hotmail.com,o)RwW7FkLK,"16755 Baldwin Rapid
Nelsonside, VT 18303",UN-113,Damascus,2015-04-27,3,20,+963 11 5432 7086,+963 11 4046 4876
406,Timothy Lawson,charles00@torres.info,)dlELavkP9,"866 Thomas Mills Apt. 410
Thompsontown, SC 34647",UN-754,Latakia,2021-02-07,4,21,+963 11 9588 5516,+963 11 5027 9698
407,Tina Moore,rubenbenson@collins-wilson.com,L6%aC()g@O,"47398 Kristi Stream
North Garyfurt, FL 24720",UN-928,Latakia,2016-06-30,4,17,+963 11 7534 8639,+963 11 5857 3498
408,Gregory Patton,ashleymosley@murphy.biz,d#nt8aVKup,"18263 Sanders Plain
East Michael, VT 22349",UN-332,Latakia,2018-02-26,5,22,+963 11 4032 4253,+963 11 9236 6454
409,Joann Guerra,sarahvelazquez@yahoo.com,^4RK9d)P78,"009 Massey Track Apt. 647
Port Suzannestad, MN 03920",UN-304,Tartus,2019-08-28,1,14,+963 11 9958 1063,+963 11 9155 4872
410,Jennifer Jensen,jon32@gmail.com,n54f6TmM(Z,"058 Larry Roads Apt. 606
Patrickmouth, DC 56402",UN-248,Homs,2015-11-11,5,15,+963 11 4022 2151,+963 11 7671 7603
411,Jill Fletcher,rwade@king.com,#6VuOvY)0b,"8694 Garrett Passage
East Jesus, DE 91788",UN-421,Aleppo,2018-04-20,2,20,+963 11 8066 2118,+963 11 7893 1258
412,Jocelyn Farmer,morganmichael@edwards.biz,p6T^whvq@Q,"2083 Parrish Field
South Melissa, MD 04653",UN-162,Latakia,2017-11-11,1,15,+963 11 7142 8046,+963 11 1658 7836
413,Cassidy Lee,vhopkins@hotmail.com,kAk0K^7j+h,"37732 Brian Brooks
Jenniferland, CO 69931",UN-216,Aleppo,2018-09-04,2,7,+963 11 5151 8530,+963 11 5729 2332
414,Kathryn Phillips,martinbarber@smith-king.org,A1BGdiy3!S,"6094 Katelyn Manor Apt. 433
Heatherburgh, MO 80967",UN-476,Tartus,2022-06-13,1,3,+963 11 1758 2109,+963 11 5266 1573
415,Wayne Le,imorales@dennis.com,l4!2E&bEhK,"202 Wilson Rue Apt. 403
Donnamouth, NM 82900",UN-484,Homs,2020-12-19,4,20,+963 11 9649 2347,+963 11 7463 6501
416,William Saunders,michael94@short.org,h3LK&IuS^!,"06017 Jeffrey Gardens Suite 132
Valenciaberg, MO 88542",UN-693,Tartus,2024-05-26,5,15,+963 11 7117 4819,+963 11 5392 8765
417,Jeremy Gomez,richardgibson@blake-curry.biz,+1CNqNn*0M,"6253 Dorothy Villages
Debraville, WA 99173",UN-604,Aleppo,2018-08-07,2,15,+963 11 4900 1323,+963 11 9172 1167
418,Ricky Rodriguez,mary87@yahoo.com,)7hV(njdJ9,"839 Hawkins Dale Apt. 824
North Mary, MO 59538",UN-368,Latakia,2018-05-21,1,14,+963 11 2778 4670,+963 11 7024 8311
419,Theresa Winters,fflores@evans.com,+47ERopr&1,"24119 Nguyen Knoll
Maxwellborough, MT 60084",UN-278,Damascus,2024-03-27,4,13,+963 11 8425 7317,+963 11 5812 4691
420,James Russell,gbarry@yahoo.com,*GP9@X88r3,"2298 John Forges Suite 891
New Frank, AZ 46435",UN-157,Damascus,2023-10-20,1,25,+963 11 4074 6804,+963 11 9242 1447
421,Allison Kelly,davidstevens@rodriguez-white.org,3k9F3Ac@b^,"68203 Ryan Harbors
Susanville, AK 90826",UN-226,Aleppo,2016-12-16,1,23,+963 11 7654 3466,+963 11 6755 1740
422,Jesse Sosa,katherineward@hotmail.com,4Va1SBSxA^,"76560 Catherine Estates
South Brittanymouth, TX 09113",UN-568,Homs,2022-10-20,1,16,+963 11 2861 4319,+963 11 2494 4763
423,Nathaniel Ward,jonathanrush@hotmail.com,+cyXgLoSV6,"3440 Melissa Trace
West Alicia, CA 63614",UN-519,Damascus,2018-11-07,4,7,+963 11 8654 9891,+963 11 8411 3689
424,Patricia Thompson,stephaniefisher@peterson.com,yt3HX1(u1$,"732 Timothy Knolls Suite 796
Johnsonberg, FL 87496",UN-642,Damascus,2017-09-04,2,6,+963 11 8740 7630,+963 11 3518 1261
425,Sharon Gomez,castroscott@hotmail.com,)0R!5Iwce4,"25461 Tamara Knoll
East Christopher, NC 47458",UN-985,Latakia,2019-02-24,5,11,+963 11 9448 8210,+963 11 6393 9311
426,Andrew Lowe,rebeccalee@hotmail.com,^K4HSg0^lw,"0425 Jackson Pass Suite 758
Matthewmouth, OR 36624",UN-648,Damascus,2017-11-02,2,11,+963 11 7850 9100,+963 11 3757 6358
427,Patricia Mccann,michellemedina@torres.com,^#$w0HuRQ4,"Unit 7057 Box 4393
DPO AP 42454",UN-491,Damascus,2018-08-12,2,10,+963 11 3995 5873,+963 11 4234 1714
428,Mary Tran,anguyen@gmail.com,MERpJNpx@9,"05578 John Circle Suite 278
Christopherfort, CA 93697",UN-265,Tartus,2017-07-27,5,2,+963 11 8110 8512,+963 11 5488 9324
429,Dr. Hunter Brock MD,gravessteven@gmail.com,+Wh8T$8o(*,"375 Mary Pass
Boyleside, SC 43529",UN-362,Latakia,2017-07-22,2,16,+963 11 1031 1376,+963 11 5614 2193
430,Jessica Jennings,fisherlisa@gmail.com,@aE6ZiXx^(,"91339 Christine Unions Suite 276
Robertstad, IN 59402",UN-940,Damascus,2016-08-06,5,10,+963 11 9440 2573,+963 11 6451 9433
431,Anthony Gonzalez,iperry@pierce.com,STUV0T4ex#,"90973 Anderson Corners
West Rose, VA 62647",UN-198,Tartus,2022-05-29,1,17,+963 11 4148 3550,+963 11 6673 3113
432,David Long,mroberts@gmail.com,Y6Sc)GF7(r,"4767 Susan Hills
East Sarahview, GA 87373",UN-530,Homs,2021-03-19,2,22,+963 11 3247 2734,+963 11 8960 3268
433,Stephen Kidd,choitammy@yahoo.com,Fx^EAeF_(1,"017 Barron Parkway
Andersonhaven, AR 97214",UN-882,Damascus,2021-05-03,3,4,+963 11 4899 3148,+963 11 7560 5028
434,Ashley Ryan,snorris@yahoo.com,7_5r+WpS^s,"PSC 7216, Box 2711
APO AA 56776",UN-975,Damascus,2016-01-30,5,4,+963 11 6112 6041,+963 11 5658 4519
435,Christopher Browning,charles57@alvarez-jones.com,$4xXL$jqo(,"35538 Larsen Corners Suite 733
West Jose, UT 03531",UN-922,Latakia,2021-08-12,4,23,+963 11 5913 2895,+963 11 4633 8665
436,John Washington,iavila@martinez.com,6mI+4BFbtX,"799 Anthony Turnpike
West Marymouth, WV 47874",UN-719,Damascus,2022-03-14,4,19,+963 11 5059 1398,+963 11 8849 8878
437,Valerie Jones,sarah85@watkins.info,(7vHFRkscB,"4194 Joshua Rue Suite 863
Joseland, CO 08706",UN-701,Damascus,2023-10-17,4,21,+963 11 9221 5999,+963 11 9270 7665
438,Shelley Salazar,zacharysanchez@irwin.org,(aTcJufNv6,"4268 Rebecca Harbors
East Julie, NY 21975",UN-696,Latakia,2020-12-22,4,9,+963 11 1986 6062,+963 11 7194 9674
439,Steven Knight,andrew00@hotmail.com,mJ%47zBkx1,"828 Washington Shoals Apt. 851
Mccoyfurt, NY 63189",UN-248,Damascus,2015-07-29,1,1,+963 11 1023 7425,+963 11 9577 2078
440,Alicia Anderson,tina47@gmail.com,(n4H5_NF^&,"0280 Elizabeth Motorway
Mariamouth, HI 04852",UN-586,Aleppo,2018-04-08,3,10,+963 11 1216 9500,+963 11 7043 4859
441,Nicole Hernandez,saramoore@yahoo.com,sF@3Na&l)B,"552 Katherine Knoll Suite 662
East Linda, NJ 31370",UN-384,Damascus,2015-03-14,3,4,+963 11 4742 1994,+963 11 2621 9479
442,Zachary Avila,smithtricia@hotmail.com,@2IxXMCd&c,"957 Lewis Loaf Suite 139
Michaelland, MA 01156",UN-742,Tartus,2014-10-29,2,19,+963 11 1958 4691,+963 11 6313 5713
443,Morgan Smith,amber44@adams-davis.info,7qUW*BSy($,"3325 Bradley Knoll
South Dawn, VA 43819",UN-531,Latakia,2017-08-31,2,24,+963 11 3019 3736,+963 11 3093 6354
444,Kelly Harris,jennifer07@preston-ryan.info,TvUzunlR)6,"577 Cobb Summit Apt. 221
New William, VA 26055",UN-818,Aleppo,2017-04-19,3,2,+963 11 7723 6455,+963 11 6235 9131
445,Maria Wilson,schultzwalter@sanchez.biz,xyNEUOMe$3,"111 Stewart Mountain Suite 223
East Heather, NY 93794",UN-190,Aleppo,2018-03-18,3,21,+963 11 2342 4067,+963 11 3064 8590
446,Jacqueline Nelson,markfarley@collins.org,BG%A6daj%(,"5166 Copeland Forks
Fernandezburgh, LA 91326",UN-570,Homs,2017-04-17,5,2,+963 11 8024 8583,+963 11 1547 2298
447,Alison Barker,whitejared@yahoo.com,J5Mp$yvF(p,"14093 Rodriguez Brooks Suite 465
Kayleeville, NC 68560",UN-354,Latakia,2024-05-27,4,12,+963 11 7325 4951,+963 11 4591 7534
448,Mr. Andrew Bennett,jeffrey41@delacruz.biz,uKfi98Ha+p,"24994 Andrew Unions
East Keithport, IN 65685",UN-166,Aleppo,2015-12-04,1,22,+963 11 2554 4061,+963 11 6057 2874
449,Stephanie Black,brownpaula@gonzalez.org,OZ$4Bo40_N,"606 Jessica Viaduct Apt. 774
Thompsontown, ND 45076",UN-336,Homs,2019-07-11,4,7,+963 11 8309 1829,+963 11 1832 6003
450,Jerry Norris,vincentedward@hotmail.com,&v0Djlo_bN,"894 Brian Lodge Suite 408
Julieland, ND 34656",UN-520,Homs,2020-10-15,4,19,+963 11 4275 3527,+963 11 6347 9353
451,Mark Ramos,bellis@gmail.com,1S@5sTqs&N,"PSC 9833, Box 9913
APO AP 48491",UN-294,Homs,2023-06-28,2,23,+963 11 3617 2854,+963 11 5991 1628
452,Timothy Murphy II,lbrown@yahoo.com,gkA#@GQL_3,"8749 Laura Heights Suite 114
Petersborough, WI 90429",UN-790,Tartus,2020-12-19,1,25,+963 11 5842 9480,+963 11 5294 1969
453,Dawn Glass,lrandolph@lopez.com,)DReKuFF00,"256 Brandon Loaf
South Ashley, MN 25274",UN-990,Latakia,2018-09-24,4,21,+963 11 3954 5231,+963 11 9159 9531
454,Taylor Brown,courtney79@yahoo.com,K9V4Gh5)$z,"PSC 0392, Box 3351
APO AP 91459",UN-756,Latakia,2022-04-13,1,12,+963 11 7928 1492,+963 11 4151 6397
455,Steven Gonzalez,fordashley@brooks-villanueva.biz,8+4bS$Z3tl,"6304 Hawkins Club Apt. 420
Buchananstad, AR 63546",UN-650,Homs,2019-07-24,5,17,+963 11 9858 7835,+963 11 1023 1358
456,Jerry Marquez,gscott@gmail.com,!0o_7qEfuF,"9757 Scott Grove
West Ericbury, PA 20663",UN-479,Aleppo,2022-03-29,5,11,+963 11 3275 9319,+963 11 9778 3433
457,Jason Durham,cody23@gmail.com,_$jB(Kdrk4,"7930 Elaine Common
Dixonview, AK 17481",UN-922,Damascus,2015-05-14,5,24,+963 11 3796 5060,+963 11 6151 1102
458,Michael Ortiz MD,marcia54@lyons.org,@St9L+n8^a,"45638 Christopher Meadow Suite 430
Cooperfort, NJ 39595",UN-816,Aleppo,2021-02-03,5,17,+963 11 9611 8071,+963 11 2631 1844
459,Ernest Dean,elizabeth58@gmail.com,OVAvz3jW%8,"8459 Jimenez Row
West Natashaview, NM 89334",UN-457,Aleppo,2018-01-20,5,15,+963 11 6894 3668,+963 11 8686 2186
460,Kevin Strickland,uromero@gmail.com,$6LksjRWNx,"12259 Lauren Centers Apt. 100
Jamesshire, MI 62127",UN-523,Homs,2020-03-26,5,18,+963 11 9644 2580,+963 11 7255 2513
461,Mrs. Melissa Maynard,claire65@miller.com,5NO1Zlr&!(,"35599 Lisa Flats Apt. 022
Lake Lisamouth, WY 90029",UN-586,Aleppo,2023-07-16,1,25,+963 11 8957 8067,+963 11 6549 8523
462,Ashley Gomez,amoyer@pierce.com,7d2rD0tn)%,"1267 Lowery Fields
Gregorytown, MS 33775",UN-561,Latakia,2020-11-20,4,10,+963 11 3132 8489,+963 11 3580 1575
463,David Miller,michael47@hotmail.com,)*Sa(lrq3_,"79123 Roberson Viaduct Apt. 739
Margaretborough, CO 93270",UN-996,Tartus,2020-06-01,3,12,+963 11 4164 6685,+963 11 5208 5609
464,Thomas Bennett,raydeborah@gmail.com,+g9L5c2^j8,"610 Patricia Road Suite 137
Erikaland, MA 37699",UN-555,Tartus,2020-08-01,1,24,+963 11 4898 1981,+963 11 9440 6232
465,Bobby Campbell,hray@hart.com,w7+72Nsphu,"98953 Richardson Branch Suite 577
Curtisville, HI 22520",UN-888,Homs,2019-10-30,1,16,+963 11 6033 1665,+963 11 5809 5604
466,Monica Fisher,christopher82@yahoo.com,K*!2Aizvq+,"2558 Zachary Mission
North Markton, VA 68801",UN-681,Homs,2017-07-30,4,21,+963 11 9088 8972,+963 11 3972 1629
467,Patricia Mitchell,richardcook@gmail.com,s1POriaH%y,"11609 Frank Harbor
Hensonmouth, WV 05592",UN-576,Latakia,2015-05-10,1,5,+963 11 4076 3712,+963 11 8353 6850
468,Jeff Welch,khiggins@hotmail.com,UfuI(GKf!9,"2322 Thomas Trafficway
Zacharyport, OH 12856",UN-333,Tartus,2021-04-30,5,21,+963 11 4497 5609,+963 11 4738 3133
469,Melanie Long,wosborne@wang.com,@5@Dg_wZ^z,"311 Bonilla Estate Suite 124
North Courtneytown, AR 83489",UN-872,Tartus,2019-08-06,1,25,+963 11 2027 1996,+963 11 5680 8920
470,Margaret Wright,michellecook@aguilar.biz,#2a^DDsy^1,"099 Brown Field Apt. 043
Karenchester, SC 40177",UN-601,Aleppo,2019-09-01,2,6,+963 11 4281 9691,+963 11 2998 9976
471,Kathy Gallagher,hebertjohn@ramos.org,^b4GzUD*H8,"494 Bright Drive Suite 306
Port Ryanborough, CT 49264",UN-789,Homs,2020-02-09,4,24,+963 11 6538 5378,+963 11 3889 4365
472,Veronica Salazar,uvincent@schmidt.org,l5!z8ACh^2,"1562 Rasmussen Bridge Suite 547
New Richard, WI 36372",UN-649,Tartus,2021-12-20,5,12,+963 11 7658 9192,+963 11 8125 3316
473,Tina Smith,smanning@gmail.com,7&AXYSUvZ4,"3120 Delgado Dale
New Lindsayview, OK 56467",UN-180,Damascus,2021-08-17,5,5,+963 11 8233 4213,+963 11 9137 6178
474,Julia Gomez,kennethjones@yahoo.com,i)6NYq_t_N,"51979 Shawn Junctions Apt. 105
Brownbury, UT 54384",UN-149,Homs,2022-02-08,3,24,+963 11 3763 8081,+963 11 1845 3378
475,Charles Benson,parkermichelle@jones.org,^m4b1Rjt!0,"9106 Wilkinson Flats Suite 829
Wrightbury, OH 05909",UN-421,Homs,2021-05-25,2,21,+963 11 2106 9913,+963 11 3030 4031
476,Sharon Cole,jeffreywilliams@ford-black.org,@We2Qmwh_w,"USCGC Cardenas
FPO AE 25653",UN-356,Homs,2019-08-10,3,15,+963 11 3317 2507,+963 11 7617 1071
477,Bryan Crawford,ashleyjones@hotmail.com,@3!bU3@v5%,"923 Clarke Pike Apt. 598
South Ashley, NE 51731",UN-299,Tartus,2021-06-19,2,6,+963 11 8696 9535,+963 11 1889 8281
478,Rachael Chapman,taylorraymond@hotmail.com,IqL64HQpr!,"172 Nolan Square Suite 595
Sanchezberg, IA 18743",UN-172,Homs,2016-05-27,4,17,+963 11 2363 2689,+963 11 3456 9455
479,Sherri West DDS,rcarroll@frey.com,@xQBLeKHk4,"718 Cynthia Junctions Suite 436
Thomasport, KY 70060",UN-559,Damascus,2020-10-04,1,2,+963 11 1126 4549,+963 11 7439 5767
480,Marcus Ortiz,clarence84@winters.com,nJ4V*y4ry$,"10574 Sanchez Circle
Simsfort, NV 23602",UN-536,Tartus,2020-06-08,3,16,+963 11 2362 9268,+963 11 9912 8221
481,Melanie Rhodes,carlsonlindsay@robbins.biz,u_B*7K(qdR,"USCGC Phillips
FPO AP 91803",UN-150,Damascus,2020-05-29,5,12,+963 11 8299 6316,+963 11 7233 9070
482,Pamela Jenkins,mariah31@ramos.com,Fx4Bjwi#!4,"3222 Robert Hollow Suite 493
Rushmouth, MD 68299",UN-373,Tartus,2021-10-07,1,8,+963 11 9316 6245,+963 11 6491 8651
483,Lisa Frank,rebeccareed@yahoo.com,@0asOnEuAL,"0126 Fields Road
New Debraview, SD 56646",UN-482,Aleppo,2024-01-20,4,18,+963 11 2291 7402,+963 11 2948 9526
484,John Contreras,edwardlopez@yahoo.com,*!I1jUJw$D,"5475 Rollins Inlet Suite 180
West Amanda, ND 62306",UN-748,Latakia,2015-10-28,1,16,+963 11 5551 7573,+963 11 9017 7418
485,Nicole Anderson,tyler97@butler-cooper.biz,e7F@l*GQ)X,"285 Jones Roads
South Heatherborough, NY 38182",UN-341,Aleppo,2021-12-09,1,13,+963 11 5970 8207,+963 11 9681 5540
486,Melissa Jacobs,mcconnellveronica@gmail.com,#1w$7Udg0+,"USCGC Hamilton
FPO AA 18149",UN-903,Homs,2024-06-15,1,15,+963 11 9853 1943,+963 11 2594 7717
487,Harry Gutierrez,pkline@smith.com,QWxW@qmy+6,"353 Burke Turnpike Apt. 799
South Howardborough, OH 38040",UN-138,Latakia,2016-05-17,1,20,+963 11 2900 6573,+963 11 3369 9084
488,Sarah Smith,stevenwilliams@orozco.com,RBp3M^aKv%,"4770 Smith Glens
Davidberg, MO 93184",UN-619,Latakia,2023-01-27,2,1,+963 11 4348 4067,+963 11 2721 1608
489,Ricky Black,jessica20@hotmail.com,N(5Zt!b(7F,"90771 Hunter Isle
Finleyfurt, PA 80407",UN-245,Tartus,2020-10-04,4,20,+963 11 9713 9101,+963 11 4255 2393
490,Kendra Thomas,robertvalenzuela@forbes-jenkins.info,#B5CoJxz2A,"258 Anthony Ridge
Kevintown, OK 70745",UN-154,Latakia,2016-06-27,1,6,+963 11 6723 7305,+963 11 6576 6434
491,Samantha Mahoney,marymiller@jefferson.com,*L(xs49qC#,"00917 Smith Square
Sandrafurt, MS 94439",UN-434,Tartus,2019-11-20,5,23,+963 11 8131 1239,+963 11 3508 4194
492,Jeanette Greer,justin15@stark-wallace.com,#3NZt#Gk#),"61387 Walsh Cove Suite 404
Johnsonville, VA 62799",UN-677,Latakia,2024-09-13,5,12,+963 11 1817 9913,+963 11 7336 5833
493,Mathew Park,stevegutierrez@gmail.com,&9kzA6A8+t,"715 Morgan Islands Suite 192
Lake Heather, DE 39649",UN-418,Damascus,2020-09-29,3,10,+963 11 2606 4853,+963 11 2254 5761
494,Cindy Ibarra,deborahestes@yahoo.com,DfRy3Acf%0,"6119 Walker Tunnel
South Arthur, VA 20183",UN-324,Homs,2015-12-10,3,4,+963 11 7045 1653,+963 11 7192 6761
495,Laura Mccann,williamsryan@landry-thomas.biz,1%#u+1At%8,"477 Padilla Keys
East Margaret, IA 55312",UN-164,Latakia,2022-02-10,2,23,+963 11 7886 3104,+963 11 1188 9068
496,Dr. Jason Austin,wwhite@hudson.com,XmBjfbor%9,"553 Mercer Square
Lake Richard, ID 71946",UN-854,Aleppo,2023-08-11,5,16,+963 11 9425 8396,+963 11 4604 7352
497,Haley Hartman,trevorvillegas@jones.com,s6*8Z%5xU*,"4368 Matthew Tunnel Apt. 526
Port Samantha, OK 92358",UN-344,Damascus,2020-08-08,4,23,+963 11 2645 4821,+963 11 3864 7794
498,Michael Johnson,zwilliams@cunningham-woods.com,_wXrL3LrZ7,"933 Carl Station Suite 227
West Jonathan, ME 11409",UN-333,Aleppo,2016-07-07,2,21,+963 11 7332 7327,+963 11 9950 5981
499,Brian Watson,brownronald@gmail.com,_FegEw0b9j,"5750 Perry Tunnel Apt. 015
South James, CO 04774",UN-425,Damascus,2014-10-31,4,13,+963 11 8863 2362,+963 11 6856 4191
500,Jennifer Carrillo,tracyjenkins@gmail.com,N+1@bFGhca,"48383 Ray Place Suite 911
Sharonshire, HI 09273",UN-360,Homs,2023-07-28,3,22,+963 11 7712 8189,+963 11 3243 3941
